gid,role,role_score,cluster_id,priority_score,evidence
100000000011452100,consolidator,0.2306921717171717,1,0.19488910730127432,Receives from 3 senders; retains 85% of observed flow
100000000018102100,peripheral,0.15,1,0.03610624097537207,"No outgoing edge, but node is at depth 4; terminal status is obscured by graph boundary."
100000000031787100,transit,0.6101694915254237,1,0.16215543509318295,Pass-through ratio 1.00; 1 in / 2 out counterparties
100000000041368100,terminal,0.5660000000000001,1,0.11878023086537026,"No observed outgoing edges; receives 160,000 KZT"
100000000076451100,consolidator,0.15152583745868503,1,0.2238434508110053,Receives from 3 senders; retains 34% of observed flow
100000000089154100,distributor,0.33051337479916687,1,0.19617261722017734,"Distributes to 15 receivers; outgoing flow 425,500 KZT"
100000000190228100,peripheral,0.15,1,0.051136693348080464,Limited observed connectivity; no stronger structural role signal.
100000000201868100,transit,0.6067796610169491,1,0.18014546796733885,Pass-through ratio 1.00; 1 in / 1 out counterparties
100000000254336100,consolidator,0.1292626813408065,1,0.18885159861158454,Receives from 2 senders; retains 38% of observed flow
100000000267734100,distributor,0.1581837531083486,1,0.19796569431722402,"Distributes to 7 receivers; outgoing flow 282,000 KZT"
100000000274067100,distributor,0.1373495141088194,1,0.22607135695120711,"Distributes to 3 receivers; outgoing flow 2,969,000 KZT"
100000000287768100,terminal,0.5535168,1,0.11281861771134478,"No observed outgoing edges; receives 35,168 KZT"
100000000288317100,consolidator,0.14197222222222222,1,0.1926583366153048,Receives from 2 senders; retains 46% of observed flow
100000000291906100,transit,0.26379643543596,1,0.1888981472189122,Pass-through ratio 1.17; 2 in / 2 out counterparties
100000000291908100,peripheral,0.15,1,0.06635693629848563,Limited observed connectivity; no stronger structural role signal.
100000000297649100,peripheral,0.15,1,0.05855152507460074,Limited observed connectivity; no stronger structural role signal.
100000000299820100,peripheral,0.15,1,0.039109842921202065,"No outgoing edge, but node is at depth 4; terminal status is obscured by graph boundary."
100000000307908100,terminal,0.5505,2,0.11176494255319445,"No observed outgoing edges; receives 5,000 KZT"
100000000331309100,coordinator,0.38830001891084975,1,0.6566396669662673,Centrality 0.31; 104 counterparties
100000000332284100,distributor,0.08344783597590748,1,0.2065744236838082,"Distributes to 3 receivers; outgoing flow 289,500 KZT"
100000000343175100,distributor,0.4452236596577821,1,0.28989466834702454,"Distributes to 31 receivers; outgoing flow 4,000,039 KZT"
100000000369781100,peripheral,0.15,1,0.04077073501123967,"No outgoing edge, but node is at depth 4; terminal status is obscured by graph boundary."
100000000375150100,peripheral,0.15,1,0.05599601384041912,"No outgoing edge, but node is at depth 4; terminal status is obscured by graph boundary."
100000000404740100,peripheral,0.15,1,0.04204880465881541,"No outgoing edge, but node is at depth 4; terminal status is obscured by graph boundary."
100000000408846100,terminal,0.55405,1,0.1132256780641498,"No observed outgoing edges; receives 40,500 KZT"
100000000413678100,distributor,0.07898599888418609,1,0.1948929387575225,"Distributes to 3 receivers; outgoing flow 528,198 KZT"
100000000424935100,peripheral,0.15,1,0.035966369213341225,"No outgoing edge, but node is at depth 4; terminal status is obscured by graph boundary."
100000000425407100,terminal,0.552,1,0.11261752605379947,"No observed outgoing edges; receives 20,000 KZT"
100000000437046100,coordinator,0.19973977562207496,1,0.4244035357976512,Centrality 0.17; 51 counterparties
100000000440392100,terminal,0.5605705000000001,1,0.1159746269584265,"No observed outgoing edges; receives 105,705 KZT"
100000000456947100,terminal,0.55,3,0.11000000000000001,No observed outgoing edges; receives 0 KZT
100000000470237100,peripheral,0.15,1,0.04290936887131474,"No outgoing edge, but node is at depth 4; terminal status is obscured by graph boundary."
100000000481716100,terminal,0.5508000000000001,1,0.11401039061519053,"No observed outgoing edges; receives 8,000 KZT"
100000000489417100,transit,0.4368070364439985,1,0.16604188965673117,Pass-through ratio 1.09; 3 in / 1 out counterparties
100000000490383100,distributor,0.18501527174729515,1,0.19819612653447027,"Distributes to 8 receivers; outgoing flow 461,375 KZT"
100000000500040100,peripheral,0.15,1,0.03624624002115629,"No outgoing edge, but node is at depth 4; terminal status is obscured by graph boundary."
100000000507799100,peripheral,0.15,1,0.04476348859284574,Limited observed connectivity; no stronger structural role signal.
100000000533217100,terminal,0.5553587000000001,1,0.1231720966922155,"No observed outgoing edges; receives 53,587 KZT"
100000000534581100,consolidator,0.10962011309665634,1,0.18713848511398265,Receives from 2 senders; retains 29% of observed flow
100000000542087100,peripheral,0.15,1,0.0354007045767664,"No outgoing edge, but node is at depth 4; terminal status is obscured by graph boundary."
100000000552584100,peripheral,0.15,1,0.17451684164853865,Limited observed connectivity; no stronger structural role signal.
100000000555721100,consolidator,0.2238111111111111,1,0.1878429022370298,Receives from 2 senders; retains 100% of observed flow
100000000557536100,peripheral,0.15,1,0.04083935670913959,"No outgoing edge, but node is at depth 4; terminal status is obscured by graph boundary."
100000000560751100,terminal,0.5525,1,0.11932365262432194,"No observed outgoing edges; receives 25,000 KZT"
100000000561160100,peripheral,0.15,1,0.04694609335533532,"No outgoing edge, but node is at depth 4; terminal status is obscured by graph boundary."
100000000569479100,terminal,0.5820000000000001,1,0.1274794763311034,"No observed outgoing edges; receives 320,000 KZT"
100000000572276100,peripheral,0.15,4,0.04345206080400584,Limited observed connectivity; no stronger structural role signal.
100000000580561100,distributor,0.10193825499930964,5,0.20438230702864457,"Distributes to 3 receivers; outgoing flow 1,488,077 KZT"
100000000581662100,peripheral,0.15,1,0.03621735435489063,"No outgoing edge, but node is at depth 4; terminal status is obscured by graph boundary."
100000000581682100,peripheral,0.15,1,0.03537579538749793,"No outgoing edge, but node is at depth 4; terminal status is obscured by graph boundary."
100000000583220100,peripheral,0.15,1,0.04975536718038425,Limited observed connectivity; no stronger structural role signal.
100000000594783100,peripheral,0.15,1,0.18368088772239838,Limited observed connectivity; no stronger structural role signal.
100000000596954100,peripheral,0.15,1,0.05606574198500047,Limited observed connectivity; no stronger structural role signal.
100000000600707100,peripheral,0.15,1,0.04458747885456533,"No outgoing edge, but node is at depth 4; terminal status is obscured by graph boundary."
100000000607731100,peripheral,0.15,6,0.044781333247225,Limited observed connectivity; no stronger structural role signal.
100000000607941100,peripheral,0.15,1,0.05514071227509284,Limited observed connectivity; no stronger structural role signal.
100000000608031100,peripheral,0.15,1,0.04179377416574339,"No outgoing edge, but node is at depth 4; terminal status is obscured by graph boundary."
100000000611474100,terminal,0.5532,1,0.12074942506849311,"No observed outgoing edges; receives 32,000 KZT"
100000000625169100,terminal,0.551,4,0.11177712086141264,"No observed outgoing edges; receives 10,000 KZT"
100000000627521100,peripheral,0.15,1,0.03532257078231134,"No outgoing edge, but node is at depth 4; terminal status is obscured by graph boundary."
100000000629812100,consolidator,0.21268888888888887,1,0.1837852679375287,Receives from 2 senders; retains 100% of observed flow
100000000634341100,peripheral,0.15,1,0.04194524140289499,"No outgoing edge, but node is at depth 4; terminal status is obscured by graph boundary."
100000000640800100,distributor,0.09874537631270938,1,0.1868988234764099,"Distributes to 4 receivers; outgoing flow 518,135 KZT"
100000000646541100,consolidator,0.2430922222222222,1,0.19065473509631545,Receives from 3 senders; retains 100% of observed flow
100000000655469100,peripheral,0.15,1,0.037125556244923176,"No outgoing edge, but node is at depth 4; terminal status is obscured by graph boundary."
100000000656682100,transit,0.3566483647648602,1,0.15818635440523418,Pass-through ratio 1.13; 1 in / 2 out counterparties
100000000661131100,terminal,0.55156,4,0.11198522225006188,"No observed outgoing edges; receives 15,600 KZT"
100000000661912100,transit,0.4320720696478229,1,0.2395897712402119,Pass-through ratio 1.10; 5 in / 2 out counterparties
100000000667713100,consolidator,0.12514136856260838,1,0.19904977988917888,Receives from 2 senders; retains 34% of observed flow
100000000673868100,peripheral,0.15,1,0.15943272569347106,Limited observed connectivity; no stronger structural role signal.
100000000673915100,peripheral,0.15,1,0.03584082699966241,"No outgoing edge, but node is at depth 4; terminal status is obscured by graph boundary."
100000000703894100,peripheral,0.15,6,0.052883087042567764,Limited observed connectivity; no stronger structural role signal.
100000000703902100,terminal,0.5525499,4,0.11247435858331578,"No observed outgoing edges; receives 25,499 KZT"
100000000704700100,peripheral,0.15,7,0.04096519683114891,"No outgoing edge, but node is at depth 4; terminal status is obscured by graph boundary."
100000000706545100,consolidator,0.36019125468456403,1,0.30790391208261936,Receives from 3 senders; retains 93% of observed flow
100000000718427100,terminal,0.5506000000000001,4,0.11157474709311878,"No observed outgoing edges; receives 6,000 KZT"
100000000723383100,peripheral,0.15,1,0.05143880855239781,Limited observed connectivity; no stronger structural role signal.
100000000724540100,peripheral,0.15,1,0.04642287949196256,Limited observed connectivity; no stronger structural role signal.
100000000733373100,terminal,0.5510710000000001,1,0.11224843919866724,"No observed outgoing edges; receives 10,710 KZT"
100000000733451100,peripheral,0.15,1,0.05508796894885205,Limited observed connectivity; no stronger structural role signal.
100000000733940100,peripheral,0.15,1,0.06452177691780876,"No outgoing edge, but node is at depth 4; terminal status is obscured by graph boundary."
100000000737152100,peripheral,0.15,1,0.03763623699603578,"No outgoing edge, but node is at depth 4; terminal status is obscured by graph boundary."
100000000749118100,peripheral,0.15,1,0.04344671236367905,Limited observed connectivity; no stronger structural role signal.
100000000764836100,peripheral,0.15,1,0.0567072130808259,Limited observed connectivity; no stronger structural role signal.
100000000765628100,terminal,0.5505,1,0.11226380024907952,"No observed outgoing edges; receives 5,000 KZT"
100000000769919100,terminal,0.5750000000000001,8,0.13350688144545417,"No observed outgoing edges; receives 250,000 KZT"
100000000782285100,terminal,0.5506151,1,0.11242153797640317,"No observed outgoing edges; receives 6,151 KZT"
100000000783406100,terminal,0.5506066000000001,1,0.11164550408023989,"No observed outgoing edges; receives 6,066 KZT"
100000000785800100,transit,0.6067796610169491,9,0.1553610333072056,Pass-through ratio 1.00; 1 in / 1 out counterparties
100000000790311100,terminal,0.5546300000000001,1,0.11358751778073549,"No observed outgoing edges; receives 46,300 KZT"
100000000791285100,distributor,0.08062729484945125,1,0.23520334825710265,"Distributes to 3 receivers; outgoing flow 650,000 KZT"
100000000795033100,terminal,0.5518200000000001,1,0.11852981637974705,"No observed outgoing edges; receives 18,200 KZT"
100000000795129100,terminal,0.5832,1,0.1278807329827751,"No observed outgoing edges; receives 332,000 KZT"
100000000795374100,terminal,0.555,1,0.11362199549212748,"No observed outgoing edges; receives 50,000 KZT"
100000000802149100,terminal,0.5604128,1,0.11585293471615547,"No observed outgoing edges; receives 104,128 KZT"
100000000803368100,peripheral,0.15,1,0.04588408361453159,"No outgoing edge, but node is at depth 4; terminal status is obscured by graph boundary."
100000000806727100,peripheral,0.15,1,0.04604304449588653,Limited observed connectivity; no stronger structural role signal.
100000000810551100,peripheral,0.15,1,0.04859237012663447,Limited observed connectivity; no stronger structural role signal.
100000000817146100,terminal,0.557002,1,0.12217213871865627,"No observed outgoing edges; receives 70,020 KZT"
100000000821507100,terminal,0.5900000000000001,1,0.12925254736023323,"No observed outgoing edges; receives 400,000 KZT"
100000000831684100,peripheral,0.15,1,0.08574705840296709,Limited observed connectivity; no stronger structural role signal.
100000000838385100,peripheral,0.15,1,0.10682901515766105,Limited observed connectivity; no stronger structural role signal.
100000000850297100,transit,0.6067796610169491,1,0.15363782421213937,Pass-through ratio 1.00; 1 in / 1 out counterparties
100000000860514100,peripheral,0.15,1,0.044337882623544544,Limited observed connectivity; no stronger structural role signal.
100000000861294100,terminal,0.5650000000000001,1,0.11826873160523962,"No observed outgoing edges; receives 150,000 KZT"
100000000870121100,terminal,0.5512,1,0.11256208475658232,"No observed outgoing edges; receives 12,000 KZT"
100000000878006100,terminal,0.5547003,1,0.11326988946592151,"No observed outgoing edges; receives 47,003 KZT"
100000000896111100,terminal,0.5787100000000001,1,0.12590407528748523,"No observed outgoing edges; receives 287,100 KZT"
100000000907277100,terminal,0.5517534000000001,4,0.11209852948742537,"No observed outgoing edges; receives 17,534 KZT"
100000000910216100,transit,0.07185008355216047,1,0.1649437669505429,Pass-through ratio 0.73; 1 in / 1 out counterparties
100000000912487100,terminal,0.551,1,0.11184842757981274,"No observed outgoing edges; receives 10,000 KZT"
100000000913911100,transit,0.04057634377381787,1,0.18316888194886866,Pass-through ratio 1.28; 2 in / 1 out counterparties
100000000917179100,terminal,0.5594465000000001,1,0.11889304308979201,"No observed outgoing edges; receives 94,465 KZT"
100000000922570100,transit,0.4836824868592879,1,0.15513069769565768,Pass-through ratio 1.06; 1 in / 1 out counterparties
100000000926078100,peripheral,0.15,1,0.04909348861220574,"No outgoing edge, but node is at depth 4; terminal status is obscured by graph boundary."
100000000926766100,peripheral,0.15,1,0.044224203643450796,Limited observed connectivity; no stronger structural role signal.
100000000933075100,peripheral,0.15,1,0.06003843458254334,Limited observed connectivity; no stronger structural role signal.
100000000941942100,terminal,0.5630000000000001,1,0.11737228503574046,"No observed outgoing edges; receives 130,000 KZT"
100000000942301100,terminal,0.5557580000000001,1,0.11406521837666946,"No observed outgoing edges; receives 57,580 KZT"
100000000943371100,terminal,0.5515500000000001,1,0.11245313584447482,"No observed outgoing edges; receives 15,500 KZT"
100000000945428100,terminal,0.5589629,1,0.11544798378876012,"No observed outgoing edges; receives 89,629 KZT"
100000000954884100,terminal,0.5534,1,0.11336924112994685,"No observed outgoing edges; receives 34,000 KZT"
100000000955444100,terminal,0.550691,5,0.11331808051123826,"No observed outgoing edges; receives 6,910 KZT"
100000000955529100,peripheral,0.15,1,0.04451749710392178,Limited observed connectivity; no stronger structural role signal.
100000000957746100,peripheral,0.15,1,0.036646763647642785,"No outgoing edge, but node is at depth 4; terminal status is obscured by graph boundary."
100000000961900100,consolidator,0.21439999999999998,1,0.18427243126881113,Receives from 2 senders; retains 100% of observed flow
100000000967918100,terminal,0.55212,1,0.1172429618912068,"No observed outgoing edges; receives 21,200 KZT"
100000000968253100,terminal,0.5515,4,0.11197896251580121,"No observed outgoing edges; receives 15,000 KZT"
100000000971908100,terminal,0.5589000000000001,1,0.1154230632383179,"No observed outgoing edges; receives 89,000 KZT"
100000000976943100,transit,0.20677966101694925,1,0.15883265166774052,Pass-through ratio 1.20; 1 in / 1 out counterparties
100000000978041100,terminal,0.5544445,4,0.1133683269512681,"No observed outgoing edges; receives 44,445 KZT"
100000000979567100,terminal,0.551,4,0.11812803338652864,"No observed outgoing edges; receives 10,000 KZT"
100000000979923100,terminal,0.55979,1,0.11574088369334079,"No observed outgoing edges; receives 97,900 KZT"
100000000981693100,peripheral,0.15,1,0.04110224021643132,"No outgoing edge, but node is at depth 4; terminal status is obscured by graph boundary."
100000000993112100,terminal,0.5641,1,0.12123288933493502,"No observed outgoing edges; receives 141,000 KZT"
100000000998559100,terminal,0.56,1,0.11596433920611066,"No observed outgoing edges; receives 100,000 KZT"
100000001009583100,terminal,0.5893740000000001,1,0.12801414602111727,"No observed outgoing edges; receives 393,740 KZT"
100000001046057100,terminal,0.558342,1,0.11561287115087279,"No observed outgoing edges; receives 83,420 KZT"
100000001046626100,terminal,0.5650000000000001,1,0.11764961874896745,"No observed outgoing edges; receives 150,000 KZT"
100000001049200100,consolidator,0.1488911526321895,1,0.21082263444067906,Receives from 2 senders; retains 53% of observed flow
100000001052789100,terminal,0.5570975,1,0.11454767066433792,"No observed outgoing edges; receives 70,975 KZT"
100000001052945100,distributor,0.10324050818995806,1,0.19212796371345262,"Distributes to 3 receivers; outgoing flow 1,595,700 KZT"
100000001053894100,peripheral,0.15,1,0.10956121854690475,"No outgoing edge, but node is at depth 4; terminal status is obscured by graph boundary."
100000001056414100,terminal,0.5750000000000001,1,0.12200187786381228,"No observed outgoing edges; receives 250,000 KZT"
100000001063678100,peripheral,0.15,1,0.047792384891691464,Limited observed connectivity; no stronger structural role signal.
100000001065234100,peripheral,0.15,1,0.0537072212411724,"No outgoing edge, but node is at depth 4; terminal status is obscured by graph boundary."
100000001065481100,peripheral,0.15,1,0.03892276732388121,"No outgoing edge, but node is at depth 4; terminal status is obscured by graph boundary."
100000001066017100,consolidator,0.135726828956083,1,0.19568312213776823,Receives from 2 senders; retains 39% of observed flow
100000001072022100,consolidator,0.44582222222222223,1,0.25967735584630186,Receives from 3 senders; retains 100% of observed flow
100000001073568100,peripheral,0.15,1,0.08069887461573828,Limited observed connectivity; no stronger structural role signal.
100000001074553100,consolidator,0.21354089999999998,1,0.1838528614260598,Receives from 2 senders; retains 100% of observed flow
100000001083990100,terminal,0.5549900000000001,1,0.11903899199150365,"No observed outgoing edges; receives 49,900 KZT"
100000001089055100,peripheral,0.15,1,0.036517596097977334,"No outgoing edge, but node is at depth 4; terminal status is obscured by graph boundary."
100000001102676100,transit,0.6067796610169491,1,0.15616468241739306,Pass-through ratio 1.00; 1 in / 1 out counterparties
100000001103905100,terminal,0.5518000000000001,4,0.11212051773082585,"No observed outgoing edges; receives 18,000 KZT"
100000001110358100,consolidator,0.2139111111111111,1,0.18407068898765963,Receives from 2 senders; retains 100% of observed flow
100000001111763100,terminal,0.5517144,4,0.11208012730947216,"No observed outgoing edges; receives 17,144 KZT"
100000001114385100,terminal,0.55295,1,0.11262266289556395,"No observed outgoing edges; receives 29,500 KZT"
100000001126374100,consolidator,0.2683055555555556,1,0.19686462520347167,Receives from 4 senders; retains 84% of observed flow
100000001130176100,terminal,0.5525,1,0.11947064060432942,"No observed outgoing edges; receives 25,000 KZT"
100000001130553100,peripheral,0.15,1,0.04148073115144116,"No outgoing edge, but node is at depth 4; terminal status is obscured by graph boundary."
100000001131403100,peripheral,0.15,1,0.09632852344493306,"No outgoing edge, but node is at depth 4; terminal status is obscured by graph boundary."
100000001138283100,peripheral,0.15,1,0.048394327847177926,Limited observed connectivity; no stronger structural role signal.
100000001138376100,terminal,0.5515300000000001,1,0.1120366263867445,"No observed outgoing edges; receives 15,300 KZT"
100000001140785100,consolidator,0.23627777777777778,1,0.19228397177464832,Receives from 2 senders; retains 100% of observed flow
100000001141268100,consolidator,0.2655416666666667,1,0.20635618473098666,Receives from 2 senders; retains 98% of observed flow
100000001145749100,terminal,0.551,1,0.11675622262567074,"No observed outgoing edges; receives 10,000 KZT"
100000001149815100,terminal,0.5512,4,0.11182044475558867,"No observed outgoing edges; receives 12,000 KZT"
100000001155773100,terminal,0.55215,4,0.11225527425489297,"No observed outgoing edges; receives 21,500 KZT"
100000001160401100,terminal,0.5547190000000001,1,0.11374516149628516,"No observed outgoing edges; receives 47,190 KZT"
100000001162560100,distributor,0.32597426754793307,1,0.22553290848112165,"Distributes to 12 receivers; outgoing flow 2,904,398 KZT"
100000001164648100,consolidator,0.21166955555555556,1,0.18323174176926924,Receives from 2 senders; retains 100% of observed flow
100000001166289100,consolidator,0.2929261606396541,4,0.2591610046096138,Receives from 2 senders; retains 97% of observed flow
100000001169666100,peripheral,0.15,1,0.05317006567183644,Limited observed connectivity; no stronger structural role signal.
100000001184915100,terminal,0.5701,1,0.12132696612429703,"No observed outgoing edges; receives 201,000 KZT"
100000001194266100,terminal,0.555,1,0.11361776282339432,"No observed outgoing edges; receives 50,000 KZT"
100000001202637100,peripheral,0.15,1,0.041311530759614114,"No outgoing edge, but node is at depth 4; terminal status is obscured by graph boundary."
100000001202787100,consolidator,0.21181499999999998,1,0.15715122876901966,Receives from 2 senders; retains 100% of observed flow
100000001220124100,peripheral,0.15,1,0.042168522548939456,"No outgoing edge, but node is at depth 4; terminal status is obscured by graph boundary."
100000001222245100,peripheral,0.15,1,0.055842923197013616,"No outgoing edge, but node is at depth 4; terminal status is obscured by graph boundary."
100000001222263100,peripheral,0.15,1,0.07806920897590942,Limited observed connectivity; no stronger structural role signal.
100000001223977100,peripheral,0.15,1,0.043829204999041006,Limited observed connectivity; no stronger structural role signal.
100000001227106100,terminal,0.5664765,1,0.11827746910251341,"No observed outgoing edges; receives 164,765 KZT"
100000001229743100,transit,0.03535108958837749,1,0.15330540697837441,Pass-through ratio 1.29; 1 in / 1 out counterparties
100000001232297100,peripheral,0.15,1,0.044570052044504954,Limited observed connectivity; no stronger structural role signal.
100000001236706100,consolidator,0.21959948532274393,1,0.20588595798092266,Receives from 3 senders; retains 75% of observed flow
100000001241318100,terminal,0.5553,1,0.11992273783953138,"No observed outgoing edges; receives 53,000 KZT"
100000001246806100,peripheral,0.15,1,0.04520947608285746,"No outgoing edge, but node is at depth 4; terminal status is obscured by graph boundary."
100000001248999100,terminal,0.5523425000000001,1,0.11234419748522241,"No observed outgoing edges; receives 23,425 KZT"
100000001249054100,peripheral,0.15,1,0.03584116934881333,"No outgoing edge, but node is at depth 4; terminal status is obscured by graph boundary."
100000001250022100,terminal,0.555,1,0.11360370149553187,"No observed outgoing edges; receives 50,000 KZT"
100000001251686100,terminal,0.5518000000000001,1,0.11231022049112054,"No observed outgoing edges; receives 18,000 KZT"
100000001252290100,peripheral,0.15,1,0.04890101235689822,Limited observed connectivity; no stronger structural role signal.
100000001253557100,consolidator,0.3256911111111111,1,0.19683581475944242,Receives from 5 senders; retains 100% of observed flow
100000001256409100,peripheral,0.15,1,0.0412049375069436,"No outgoing edge, but node is at depth 4; terminal status is obscured by graph boundary."
100000001262647100,terminal,0.552365,1,0.11272490107071989,"No observed outgoing edges; receives 23,650 KZT"
100000001270349100,terminal,0.5700000000000001,1,0.12143725305723765,"No observed outgoing edges; receives 200,000 KZT"
100000001270470100,peripheral,0.15,1,0.039302077099806106,"No outgoing edge, but node is at depth 4; terminal status is obscured by graph boundary."
100000001273783100,terminal,0.55232,1,0.11252833799702659,"No observed outgoing edges; receives 23,200 KZT"
100000001275557100,peripheral,0.15,1,0.03717201423292141,"No outgoing edge, but node is at depth 4; terminal status is obscured by graph boundary."
100000001275752100,terminal,0.56515,1,0.11778945811311972,"No observed outgoing edges; receives 151,500 KZT"
100000001276409100,peripheral,0.15,1,0.03922901060077503,"No outgoing edge, but node is at depth 4; terminal status is obscured by graph boundary."
100000001279272100,peripheral,0.15,1,0.06095120666083656,Limited observed connectivity; no stronger structural role signal.
100000001279875100,terminal,0.5549235,1,0.11378793505465093,"No observed outgoing edges; receives 49,235 KZT"
100000001280798100,terminal,0.5523785,1,0.11249513568573982,"No observed outgoing edges; receives 23,785 KZT"
100000001282143100,consolidator,0.5077777777777778,1,0.2602498163968837,Receives from 5 senders; retains 100% of observed flow
100000001285440100,consolidator,0.2397,1,0.19358259476763373,Receives from 2 senders; retains 100% of observed flow
100000001286703100,peripheral,0.15,1,0.03584393575281764,"No outgoing edge, but node is at depth 4; terminal status is obscured by graph boundary."
100000001287955100,distributor,0.09376853253706553,1,0.19125233117255314,"Distributes to 4 receivers; outgoing flow 310,000 KZT"
100000001290243100,terminal,0.551,1,0.1125910197292752,"No observed outgoing edges; receives 10,000 KZT"
100000001297206100,peripheral,0.15,1,0.0356088518617771,"No outgoing edge, but node is at depth 4; terminal status is obscured by graph boundary."
100000001298099100,terminal,0.5519000000000001,1,0.11224890498834142,"No observed outgoing edges; receives 19,000 KZT"
100000001299323100,peripheral,0.15,1,0.039261563010970016,"No outgoing edge, but node is at depth 4; terminal status is obscured by graph boundary."
100000001299443100,peripheral,0.15,1,0.035459468018655856,"No outgoing edge, but node is at depth 4; terminal status is obscured by graph boundary."
100000001299828100,peripheral,0.15,1,0.0444658430351639,"No outgoing edge, but node is at depth 4; terminal status is obscured by graph boundary."
100000001303311100,consolidator,0.46182222222222225,1,0.2472065454606656,Receives from 5 senders; retains 100% of observed flow
100000001307612100,terminal,0.5538483000000001,4,0.11308700955394245,"No observed outgoing edges; receives 38,483 KZT"
100000001308856100,terminal,0.5527000000000001,4,0.11263720937666154,"No observed outgoing edges; receives 27,000 KZT"
100000001311175100,peripheral,0.15,1,0.05119836122005391,"No outgoing edge, but node is at depth 4; terminal status is obscured by graph boundary."
100000001317336100,peripheral,0.15,1,0.06608865676918231,Limited observed connectivity; no stronger structural role signal.
100000001325618100,peripheral,0.15,1,0.03552104894456879,"No outgoing edge, but node is at depth 4; terminal status is obscured by graph boundary."
100000001329153100,terminal,0.5650687000000001,1,0.11777348018895349,"No observed outgoing edges; receives 150,687 KZT"
100000001330595100,peripheral,0.15,7,0.06025900000474204,Limited observed connectivity; no stronger structural role signal.
100000001330685100,consolidator,0.5315353029596265,1,0.2917622442591558,Receives from 3 senders; retains 96% of observed flow
100000001339466100,terminal,0.553,1,0.11300290985808224,"No observed outgoing edges; receives 30,000 KZT"
100000001346560100,peripheral,0.15,1,0.05275379094269132,Limited observed connectivity; no stronger structural role signal.
100000001362940100,terminal,0.5581,1,0.11507264018067845,"No observed outgoing edges; receives 81,000 KZT"
100000001363952100,consolidator,0.16462471385449418,1,0.1936537240013615,Receives from 2 senders; retains 54% of observed flow
100000001373265100,peripheral,0.15,1,0.04960403287806842,Limited observed connectivity; no stronger structural role signal.
100000001378288100,peripheral,0.15,1,0.04988484671615617,"No outgoing edge, but node is at depth 4; terminal status is obscured by graph boundary."
100000001379511100,terminal,0.5555,1,0.1141337213131392,"No observed outgoing edges; receives 55,000 KZT"
100000001380054100,distributor,0.07496411323604549,6,0.1960166525996138,"Distributes to 3 receivers; outgoing flow 360,000 KZT"
100000001380107100,terminal,0.5506000000000001,1,0.11166252124847455,"No observed outgoing edges; receives 6,000 KZT"
100000001380986100,terminal,0.5570170000000001,1,0.1143687306384303,"No observed outgoing edges; receives 70,170 KZT"
100000001382002100,transit,0.5522342064714945,1,0.16522819827840574,Pass-through ratio 1.03; 1 in / 1 out counterparties
100000001384826100,peripheral,0.15,1,0.05843614935917335,Limited observed connectivity; no stronger structural role signal.
100000001386612100,terminal,0.5562264,1,0.11775890159016415,"No observed outgoing edges; receives 62,264 KZT"
100000001389255100,terminal,0.5516136,4,0.11203256475722387,"No observed outgoing edges; receives 16,136 KZT"
100000001411870100,consolidator,0.32,1,0.225102876865153,Receives from 2 senders; retains 100% of observed flow
100000001415126100,terminal,0.5527000000000001,1,0.11565497049036685,"No observed outgoing edges; receives 27,000 KZT"
100000001418900100,terminal,0.554014,4,0.11330200720550689,"No observed outgoing edges; receives 40,140 KZT"
100000001420847100,terminal,0.552,1,0.11255792479453613,"No observed outgoing edges; receives 20,000 KZT"
100000001427082100,distributor,0.11061367923011971,1,0.1842243303258259,"Distributes to 5 receivers; outgoing flow 124,900 KZT"
100000001429930100,terminal,0.5526000000000001,1,0.11406813279180406,"No observed outgoing edges; receives 26,000 KZT"
100000001439416100,peripheral,0.15,1,0.04739048515847949,Limited observed connectivity; no stronger structural role signal.
100000001445848100,peripheral,0.15,1,0.07916845638183513,Limited observed connectivity; no stronger structural role signal.
100000001463701100,consolidator,0.28590000000000004,1,0.21595016571009915,Receives from 2 senders; retains 100% of observed flow
100000001471706100,peripheral,0.15,1,0.05411805775145,"No outgoing edge, but node is at depth 4; terminal status is obscured by graph boundary."
100000001477796100,terminal,0.5682,1,0.12003993975958618,"No observed outgoing edges; receives 182,000 KZT"
100000001484381100,consolidator,0.2216826111111111,1,0.18746436365127403,Receives from 2 senders; retains 100% of observed flow
100000001490461100,peripheral,0.15,1,0.044715311282364674,Limited observed connectivity; no stronger structural role signal.
100000001498732100,peripheral,0.15,1,0.03536107175807462,"No outgoing edge, but node is at depth 4; terminal status is obscured by graph boundary."
100000001524952100,terminal,0.5603807000000001,1,0.11610869218449263,"No observed outgoing edges; receives 103,807 KZT"
100000001526235100,distributor,0.18433080179712913,1,0.21085286681119503,"Distributes to 8 receivers; outgoing flow 432,750 KZT"
100000001527186100,terminal,0.6178,1,0.14309076219031155,"No observed outgoing edges; receives 678,000 KZT"
100000001530709100,terminal,0.5553961000000001,1,0.11359965719761583,"No observed outgoing edges; receives 53,961 KZT"
100000001530740100,terminal,0.5515,1,0.11831246068052352,"No observed outgoing edges; receives 15,000 KZT"
100000001530983100,distributor,0.28281500302717716,1,0.23523082468669193,"Distributes to 11 receivers; outgoing flow 1,829,538 KZT"
100000001533161100,peripheral,0.15,1,0.039490578738652506,"No outgoing edge, but node is at depth 4; terminal status is obscured by graph boundary."
100000001534244100,consolidator,0.23629071038251365,1,0.20127070602757444,Receives from 2 senders; retains 88% of observed flow
100000001537524100,peripheral,0.15,1,0.04068618087687826,"No outgoing edge, but node is at depth 4; terminal status is obscured by graph boundary."
100000001538095100,consolidator,0.24422222222222223,1,0.19538110065317008,Receives from 2 senders; retains 100% of observed flow
100000001541418100,consolidator,0.22184333333333334,1,0.18705216948734463,Receives from 2 senders; retains 100% of observed flow
100000001549194100,terminal,0.5546500000000001,1,0.113554173154604,"No observed outgoing edges; receives 46,500 KZT"
100000001550388100,terminal,0.555,1,0.11360123438725896,"No observed outgoing edges; receives 50,000 KZT"
100000001550419100,terminal,0.5523,1,0.11240040567552312,"No observed outgoing edges; receives 23,000 KZT"
100000001554432100,terminal,0.555392,1,0.11380173441179928,"No observed outgoing edges; receives 53,920 KZT"
100000001557930100,terminal,0.5534610000000001,1,0.11288575336164783,"No observed outgoing edges; receives 34,610 KZT"
100000001567366100,terminal,0.632407,1,0.14793893373230116,"No observed outgoing edges; receives 824,070 KZT"
100000001578517100,terminal,0.553,1,0.11265186276241683,"No observed outgoing edges; receives 30,000 KZT"
100000001584286100,consolidator,0.30028543333333335,1,0.21445243860566596,Receives from 2 senders; retains 100% of observed flow
100000001590795100,peripheral,0.15,1,0.03532020038620661,"No outgoing edge, but node is at depth 4; terminal status is obscured by graph boundary."
100000001597424100,terminal,0.55481,1,0.11363272753615845,"No observed outgoing edges; receives 48,100 KZT"
100000001597505100,peripheral,0.15,1,0.0446829944714595,Limited observed connectivity; no stronger structural role signal.
100000001598625100,peripheral,0.15,1,0.0391659978765721,"No outgoing edge, but node is at depth 4; terminal status is obscured by graph boundary."
100000001600934100,peripheral,0.15,1,0.10482057069367927,Limited observed connectivity; no stronger structural role signal.
100000001601320100,transit,0.4860315604909411,1,0.16985061684910188,Pass-through ratio 1.06; 2 in / 1 out counterparties
100000001609499100,consolidator,0.2601862131251169,1,0.20150065019327695,Receives from 3 senders; retains 92% of observed flow
100000001611488100,consolidator,0.3052477777777778,1,0.23056735908938625,Receives from 2 senders; retains 100% of observed flow
100000001616816100,distributor,0.0745052888418885,1,0.24722669368377354,"Distributes to 3 receivers; outgoing flow 181,326 KZT"
100000001632325100,terminal,0.5585600000000001,4,0.11518922908704088,"No observed outgoing edges; receives 85,600 KZT"
100000001633685100,consolidator,0.2455,1,0.18623037385504498,Receives from 3 senders; retains 100% of observed flow
100000001637376100,peripheral,0.15,1,0.049779024638449604,Limited observed connectivity; no stronger structural role signal.
100000001639766100,terminal,0.552,1,0.12169524091328725,"No observed outgoing edges; receives 20,000 KZT"
100000001641789100,terminal,0.5517826,1,0.11737324369896786,"No observed outgoing edges; receives 17,826 KZT"
100000001641951100,terminal,0.5525,1,0.11319284235484645,"No observed outgoing edges; receives 25,000 KZT"
100000001648936100,terminal,0.559274,1,0.11559753536442097,"No observed outgoing edges; receives 92,740 KZT"
100000001650895100,peripheral,0.15,1,0.05001239618364738,Limited observed connectivity; no stronger structural role signal.
100000001660397100,distributor,0.06752760128839018,1,0.18744732825716792,"Distributes to 3 receivers; outgoing flow 49,000 KZT"
100000001669260100,peripheral,0.15,1,0.05892113884521982,"No outgoing edge, but node is at depth 4; terminal status is obscured by graph boundary."
100000001674850100,consolidator,0.23896666666666666,1,0.19316782943876415,Receives from 2 senders; retains 100% of observed flow
100000001677389100,peripheral,0.15,1,0.04344722243946699,Limited observed connectivity; no stronger structural role signal.
100000001677929100,peripheral,0.15,1,0.13412580422290216,Limited observed connectivity; no stronger structural role signal.
100000001680944100,terminal,0.5893,1,0.1292247743834312,"No observed outgoing edges; receives 393,000 KZT"
100000001684867100,terminal,0.5530550000000001,1,0.11263053659267852,"No observed outgoing edges; receives 30,550 KZT"
100000001686328100,terminal,0.5640000000000001,1,0.11787974278320433,"No observed outgoing edges; receives 140,000 KZT"
100000001688676100,terminal,0.56337,1,0.11744330254780491,"No observed outgoing edges; receives 133,700 KZT"
100000001689968100,consolidator,0.28208523611111114,1,0.19956980030265692,Receives from 3 senders; retains 100% of observed flow
100000001690439100,terminal,0.55142,1,0.11689337260386876,"No observed outgoing edges; receives 14,200 KZT"
100000001690558100,terminal,0.6240000000000001,1,0.14543248725798485,"No observed outgoing edges; receives 740,000 KZT"
100000001696818100,terminal,0.555355,1,0.1138512234748952,"No observed outgoing edges; receives 53,550 KZT"
100000001697501100,distributor,0.387570146423634,4,0.2511067158659888,"Distributes to 38 receivers; outgoing flow 1,482,606 KZT"
100000001703168100,peripheral,0.15,1,0.04567539409937689,Limited observed connectivity; no stronger structural role signal.
100000001714173100,terminal,0.6138905,1,0.14538483170035663,"No observed outgoing edges; receives 638,905 KZT"
100000001714413100,terminal,0.5750172,1,0.12190922089020725,"No observed outgoing edges; receives 250,172 KZT"
100000001714883100,peripheral,0.15,1,0.03540736108134492,"No outgoing edge, but node is at depth 4; terminal status is obscured by graph boundary."
100000001716579100,terminal,0.5513916000000001,4,0.11192781389810565,"No observed outgoing edges; receives 13,916 KZT"
100000001724740100,peripheral,0.15,1,0.04723585168127611,"No outgoing edge, but node is at depth 4; terminal status is obscured by graph boundary."
100000001726614100,terminal,0.5638717000000001,1,0.11737488934027666,"No observed outgoing edges; receives 138,717 KZT"
100000001732159100,consolidator,0.40566701105924896,1,0.32088615669386755,Receives from 2 senders; retains 37% of observed flow
100000001733216100,peripheral,0.15,1,0.039931717942496864,"No outgoing edge, but node is at depth 4; terminal status is obscured by graph boundary."
100000001733687100,terminal,0.5800000000000001,1,0.12432575504968375,"No observed outgoing edges; receives 300,000 KZT"
100000001737722100,terminal,0.556046,1,0.11466295046572138,"No observed outgoing edges; receives 60,460 KZT"
100000001740277100,peripheral,0.15,1,0.04515645832008054,Limited observed connectivity; no stronger structural role signal.
100000001745217100,terminal,0.555,1,0.11347124227363237,"No observed outgoing edges; receives 50,000 KZT"
100000001746925100,peripheral,0.15,1,0.04763197194103973,Limited observed connectivity; no stronger structural role signal.
100000001782980100,peripheral,0.15,6,0.051832452428593634,Limited observed connectivity; no stronger structural role signal.
100000001784279100,terminal,0.5535674,1,0.11284088227637427,"No observed outgoing edges; receives 35,674 KZT"
100000001785161100,consolidator,0.21366666666666667,1,0.18499173760087326,Receives from 2 senders; retains 100% of observed flow
100000001788284100,distributor,0.11472169451181483,1,0.18179010905077575,"Distributes to 5 receivers; outgoing flow 296,700 KZT"
100000001805543100,terminal,0.5559000000000001,1,0.11389644532670196,"No observed outgoing edges; receives 59,000 KZT"
100000001808684100,transit,0.16463090068637068,1,0.1780829346115367,Pass-through ratio 0.78; 1 in / 1 out counterparties
100000001816678100,peripheral,0.15,1,0.03774356155137436,"No outgoing edge, but node is at depth 4; terminal status is obscured by graph boundary."
100000001818442100,terminal,0.5542215,1,0.11344352267697336,"No observed outgoing edges; receives 42,215 KZT"
100000001819396100,terminal,0.566608,1,0.11928604986848537,"No observed outgoing edges; receives 166,080 KZT"
100000001822623100,terminal,0.57013,1,0.12065586917048783,"No observed outgoing edges; receives 201,300 KZT"
100000001822650100,peripheral,0.15,1,0.03950165533278758,"No outgoing edge, but node is at depth 4; terminal status is obscured by graph boundary."
100000001825934100,peripheral,0.15,1,0.05003350969510473,Limited observed connectivity; no stronger structural role signal.
100000001831496100,peripheral,0.15,1,0.04691081889675975,Limited observed connectivity; no stronger structural role signal.
100000001835625100,terminal,0.557513,1,0.1144659305694899,"No observed outgoing edges; receives 75,130 KZT"
100000001837130100,terminal,0.5672900000000001,1,0.11887897951103427,"No observed outgoing edges; receives 172,900 KZT"
100000001845505100,peripheral,0.15,1,0.04263966575834362,"No outgoing edge, but node is at depth 4; terminal status is obscured by graph boundary."
100000001848426100,terminal,0.5595530000000001,1,0.1157276897044818,"No observed outgoing edges; receives 95,530 KZT"
100000001851289100,terminal,0.5609510000000001,1,0.1161439339086184,"No observed outgoing edges; receives 109,510 KZT"
100000001852140100,terminal,0.553,10,0.12615889659135748,"No observed outgoing edges; receives 30,000 KZT"
100000001853812100,terminal,0.557,1,0.11456231911270728,"No observed outgoing edges; receives 70,000 KZT"
100000001857829100,distributor,0.3851386033388387,1,0.29645551630979766,"Distributes to 16 receivers; outgoing flow 2,390,993 KZT"
100000001860090100,terminal,0.5505,1,0.11390856246825191,"No observed outgoing edges; receives 5,000 KZT"
100000001870116100,terminal,0.5524,4,0.11240362816087514,"No observed outgoing edges; receives 24,000 KZT"
100000001872484100,distributor,0.07738918408433394,9,0.26793133588790086,"Distributes to 3 receivers; outgoing flow 514,580 KZT"
100000001875167100,terminal,0.65,1,0.1537940684959411,"No observed outgoing edges; receives 1,000,000 KZT"
100000001875239100,consolidator,0.3270222222222222,1,0.2147553489963312,Receives from 3 senders; retains 100% of observed flow
100000001884825100,consolidator,0.3005,1,0.205873336730593,Receives from 3 senders; retains 100% of observed flow
100000001887715100,consolidator,0.31824771352276043,1,0.25890044144999264,Receives from 3 senders; retains 44% of observed flow
100000001893287100,peripheral,0.15,1,0.053310168774717746,Limited observed connectivity; no stronger structural role signal.
100000001899164100,consolidator,0.2663074335733265,1,0.22721085271144653,Receives from 4 senders; retains 74% of observed flow
100000001904863100,terminal,0.6000000000000001,1,0.1372616842590555,"No observed outgoing edges; receives 500,000 KZT"
100000001924185100,consolidator,0.22845555555555555,1,0.18948231833713872,Receives from 2 senders; retains 100% of observed flow
100000001927599100,consolidator,0.23297777777777778,1,0.19147167191766118,Receives from 2 senders; retains 100% of observed flow
100000001929088100,consolidator,0.2584012222222222,1,0.19988579628274172,Receives from 2 senders; retains 100% of observed flow
100000001934935100,terminal,0.5618935,1,0.11640334984529249,"No observed outgoing edges; receives 118,935 KZT"
100000001937767100,distributor,0.1325770820259548,1,0.2115631882866095,"Distributes to 4 receivers; outgoing flow 1,933,000 KZT"
100000001952325100,terminal,0.5577888000000001,4,0.11494633730329117,"No observed outgoing edges; receives 77,888 KZT"
100000001953577100,terminal,0.55156,4,0.11200727355880614,"No observed outgoing edges; receives 15,600 KZT"
100000001954534100,peripheral,0.15,1,0.045856815007614266,Limited observed connectivity; no stronger structural role signal.
100000001954903100,terminal,0.5527118000000001,1,0.11274064488486167,"No observed outgoing edges; receives 27,118 KZT"
100000001957974100,peripheral,0.15,1,0.05356276663451352,"No outgoing edge, but node is at depth 4; terminal status is obscured by graph boundary."
100000001960517100,terminal,0.5700000000000001,1,0.12154023140336813,"No observed outgoing edges; receives 200,000 KZT"
100000001961048100,terminal,0.5650000000000001,1,0.1180141967855112,"No observed outgoing edges; receives 150,000 KZT"
100000001965374100,distributor,0.14005391764991207,1,0.3015779143801286,"Distributes to 3 receivers; outgoing flow 3,082,100 KZT"
100000001969496100,terminal,0.552274,1,0.11238764058852051,"No observed outgoing edges; receives 22,740 KZT"
100000001985793100,terminal,0.5920000000000001,1,0.1310610373509423,"No observed outgoing edges; receives 420,000 KZT"
100000001987030100,consolidator,0.1214316756868844,1,0.18642935859892254,Receives from 2 senders; retains 38% of observed flow
100000001991973100,peripheral,0.15,1,0.03606580328918319,"No outgoing edge, but node is at depth 4; terminal status is obscured by graph boundary."
100000002015633100,terminal,0.559497,1,0.11530958454946631,"No observed outgoing edges; receives 94,970 KZT"
100000002028158100,terminal,0.5534800000000001,1,0.11301218710231949,"No observed outgoing edges; receives 34,800 KZT"
100000002032323100,peripheral,0.15,1,0.0672389312295131,Limited observed connectivity; no stronger structural role signal.
100000002087788100,terminal,0.56005,1,0.12525757613943767,"No observed outgoing edges; receives 100,500 KZT"
100000002095257100,terminal,0.5508500000000001,1,0.11454556960233093,"No observed outgoing edges; receives 8,500 KZT"
100000002103448100,terminal,0.5527000000000001,4,0.11250701764922702,"No observed outgoing edges; receives 27,000 KZT"
100000002109656100,terminal,0.6000000000000001,1,0.1327325692869466,"No observed outgoing edges; receives 500,000 KZT"
100000002116705100,terminal,0.55176,4,0.11207676530254698,"No observed outgoing edges; receives 17,600 KZT"
100000002119762100,peripheral,0.15,1,0.043255091737136896,"No outgoing edge, but node is at depth 4; terminal status is obscured by graph boundary."
100000002121357100,consolidator,0.17481085389737563,1,0.19682450203518972,Receives from 2 senders; retains 56% of observed flow
100000002126791100,peripheral,0.15,1,0.08797648297301683,"No outgoing edge, but node is at depth 4; terminal status is obscured by graph boundary."
100000002130400100,peripheral,0.15,1,0.03614870739367617,"No outgoing edge, but node is at depth 4; terminal status is obscured by graph boundary."
100000002132479100,peripheral,0.15,1,0.05237727097858139,Limited observed connectivity; no stronger structural role signal.
100000002152857100,distributor,0.13703840383897462,1,0.19786552456810835,"Distributes to 5 receivers; outgoing flow 1,230,000 KZT"
100000002156381100,consolidator,0.16384899817850634,1,0.208134741029872,Receives from 2 senders; retains 64% of observed flow
100000002158488100,terminal,0.5531723000000001,4,0.11276803846942025,"No observed outgoing edges; receives 31,723 KZT"
100000002170580100,terminal,0.5650000000000001,1,0.11939932150327676,"No observed outgoing edges; receives 150,000 KZT"
100000002173070100,terminal,0.553,1,0.11265186276241683,"No observed outgoing edges; receives 30,000 KZT"
100000002173161100,consolidator,0.41447222222222224,1,0.24723594531469373,Receives from 3 senders; retains 100% of observed flow
100000002175422100,distributor,0.1702058996104599,1,0.21518270191318964,"Distributes to 6 receivers; outgoing flow 1,621,188 KZT"
100000002182176100,terminal,0.5542465000000001,1,0.11325009616170921,"No observed outgoing edges; receives 42,465 KZT"
100000002184107100,terminal,0.5506066000000001,1,0.11164550408023989,"No observed outgoing edges; receives 6,066 KZT"
100000002185328100,distributor,0.08767107097226777,1,0.18020987195081442,"Distributes to 4 receivers; outgoing flow 55,000 KZT"
100000002188586100,peripheral,0.15,1,0.03675768361656313,"No outgoing edge, but node is at depth 4; terminal status is obscured by graph boundary."
100000002188829100,terminal,0.5900000000000001,1,0.1300437975024087,"No observed outgoing edges; receives 400,000 KZT"
100000002193259100,distributor,0.06774280581420658,1,0.1958152091411457,"Distributes to 3 receivers; outgoing flow 58,000 KZT"
100000002194320100,peripheral,0.15,1,0.049309247393503876,"No outgoing edge, but node is at depth 4; terminal status is obscured by graph boundary."
100000002194329100,terminal,0.552517,1,0.11235729694552642,"No observed outgoing edges; receives 25,170 KZT"
100000002199091100,terminal,0.5565,4,0.11455976017545322,"No observed outgoing edges; receives 65,000 KZT"
100000002205022100,distributor,0.07747096180414417,1,0.18744195014343432,"Distributes to 3 receivers; outgoing flow 518,000 KZT"
100000002208836100,peripheral,0.15,1,0.03925640438583416,"No outgoing edge, but node is at depth 4; terminal status is obscured by graph boundary."
100000002211413100,terminal,0.5537000000000001,4,0.1130170340926486,"No observed outgoing edges; receives 37,000 KZT"
100000002212494100,terminal,0.5660000000000001,1,0.1198057001065655,"No observed outgoing edges; receives 160,000 KZT"
100000002214207100,peripheral,0.15,1,0.0475602449312717,"No outgoing edge, but node is at depth 4; terminal status is obscured by graph boundary."
100000002214301100,peripheral,0.15,1,0.0452131574009385,Limited observed connectivity; no stronger structural role signal.
100000002214383100,peripheral,0.15,4,0.04810240151725801,"No outgoing edge, but node is at depth 4; terminal status is obscured by graph boundary."
100000002214570100,terminal,0.5526471000000001,4,0.11252022247298377,"No observed outgoing edges; receives 26,471 KZT"
100000002214664100,peripheral,0.15,4,0.04357104616394618,Limited observed connectivity; no stronger structural role signal.
100000002216999100,terminal,0.5523677,4,0.11235491886752301,"No observed outgoing edges; receives 23,677 KZT"
100000002217161100,distributor,0.17523589020884806,1,0.22511506075931753,"Distributes to 7 receivers; outgoing flow 995,132 KZT"
100000002217806100,peripheral,0.15,1,0.04100740630242116,"No outgoing edge, but node is at depth 4; terminal status is obscured by graph boundary."
100000002224132100,distributor,0.3811298813289442,1,0.5972071784357034,"Distributes to 4 receivers; outgoing flow 12,115,000 KZT"
100000002227960100,peripheral,0.15,1,0.03574437824919222,"No outgoing edge, but node is at depth 4; terminal status is obscured by graph boundary."
100000002227989100,peripheral,0.15,1,0.03822031149175364,"No outgoing edge, but node is at depth 4; terminal status is obscured by graph boundary."
100000002229615100,peripheral,0.15,1,0.045632731595195375,"No outgoing edge, but node is at depth 4; terminal status is obscured by graph boundary."
100000002231144100,peripheral,0.15,1,0.0374353607374593,"No outgoing edge, but node is at depth 4; terminal status is obscured by graph boundary."
100000002232266100,terminal,0.5545,1,0.11338691458698254,"No observed outgoing edges; receives 45,000 KZT"
100000002236528100,terminal,0.5566000000000001,1,0.11459082072753063,"No observed outgoing edges; receives 66,000 KZT"
100000002241986100,distributor,0.20247434129997202,1,0.2183873915335334,"Distributes to 6 receivers; outgoing flow 3,077,000 KZT"
100000002242066100,peripheral,0.15,1,0.04274804701995808,"No outgoing edge, but node is at depth 4; terminal status is obscured by graph boundary."
100000002242455100,peripheral,0.15,1,0.04448313708987288,"No outgoing edge, but node is at depth 4; terminal status is obscured by graph boundary."
100000002243354100,terminal,0.5520879000000001,4,0.11225636355217784,"No observed outgoing edges; receives 20,879 KZT"
100000002255058100,terminal,0.5991500000000001,1,0.13544508905563477,"No observed outgoing edges; receives 491,500 KZT"
100000002257794100,terminal,0.5654,7,0.13279494927117508,"No observed outgoing edges; receives 154,000 KZT"
100000002258492100,peripheral,0.15,1,0.04108320406243155,"No outgoing edge, but node is at depth 4; terminal status is obscured by graph boundary."
100000002267998100,distributor,0.09301738179064277,1,0.2382682020420559,"Distributes to 3 receivers; outgoing flow 1,115,000 KZT"
100000002284426100,terminal,0.559,1,0.11509824582565166,"No observed outgoing edges; receives 90,000 KZT"
100000002289937100,terminal,0.552,4,0.1122148878741756,"No observed outgoing edges; receives 20,000 KZT"
100000002293421100,transit,0.3208763952046301,1,0.17561905720742804,Pass-through ratio 1.15; 2 in / 2 out counterparties
100000002299948100,terminal,0.550675,1,0.11174807647284986,"No observed outgoing edges; receives 6,750 KZT"
100000002301828100,terminal,0.5546977000000001,1,0.11342302592155583,"No observed outgoing edges; receives 46,977 KZT"
100000002304943100,peripheral,0.15,1,0.036076313136500206,"No outgoing edge, but node is at depth 4; terminal status is obscured by graph boundary."
100000002305007100,terminal,0.5556000000000001,4,0.11383439191026119,"No observed outgoing edges; receives 56,000 KZT"
100000002305477100,peripheral,0.15,1,0.03640824802380818,"No outgoing edge, but node is at depth 4; terminal status is obscured by graph boundary."
100000002306369100,distributor,0.13513684517202315,1,0.1856566609386453,"Distributes to 6 receivers; outgoing flow 260,900 KZT"
100000002308091100,terminal,0.5686720000000001,1,0.126290176380637,"No observed outgoing edges; receives 186,720 KZT"
100000002320495100,peripheral,0.15,1,0.041138391601932056,"No outgoing edge, but node is at depth 4; terminal status is obscured by graph boundary."
100000002324543100,terminal,0.5530202000000001,1,0.11261495306829307,"No observed outgoing edges; receives 30,202 KZT"
100000002335358100,terminal,0.5640000000000001,1,0.12569297447575026,"No observed outgoing edges; receives 140,000 KZT"
100000002340562100,terminal,0.5536650000000001,1,0.119241895870672,"No observed outgoing edges; receives 36,650 KZT"
100000002343825100,consolidator,0.2442920634920635,1,0.20366620581176337,Receives from 3 senders; retains 74% of observed flow
100000002346166100,terminal,0.5506000000000001,4,0.11154581559813333,"No observed outgoing edges; receives 6,000 KZT"
100000002356167100,peripheral,0.15,1,0.057458419700499364,Limited observed connectivity; no stronger structural role signal.
100000002369443100,terminal,0.555,4,0.11355976275280584,"No observed outgoing edges; receives 50,000 KZT"
100000002369454100,peripheral,0.15,1,0.0391659978765721,"No outgoing edge, but node is at depth 4; terminal status is obscured by graph boundary."
100000002369510100,terminal,0.5537150000000001,4,0.11297159864058898,"No observed outgoing edges; receives 37,150 KZT"
100000002369874100,consolidator,0.3433333333333333,1,0.2114478303771435,Receives from 4 senders; retains 100% of observed flow
100000002371751100,transit,0.10677966101694913,8,0.16934833573659372,Pass-through ratio 1.25; 1 in / 1 out counterparties
100000002371892100,peripheral,0.15,1,0.03710108389692179,"No outgoing edge, but node is at depth 4; terminal status is obscured by graph boundary."
100000002373144100,peripheral,0.15,1,0.044997778610705086,Limited observed connectivity; no stronger structural role signal.
100000002373386100,terminal,0.5524,4,0.11236970307049934,"No observed outgoing edges; receives 24,000 KZT"
100000002380341100,terminal,0.55575664,1,0.11428915290902096,"No observed outgoing edges; receives 57,566 KZT"
100000002391278100,peripheral,0.15,1,0.047009962825383854,Limited observed connectivity; no stronger structural role signal.
100000002394199100,peripheral,0.15,1,0.1252029085371673,Limited observed connectivity; no stronger structural role signal.
100000002398779100,consolidator,0.574882264317462,1,0.2787613900880538,Receives from 13 senders; retains 94% of observed flow
100000002404112100,peripheral,0.15,1,0.038199696043021,"No outgoing edge, but node is at depth 4; terminal status is obscured by graph boundary."
100000002432143100,terminal,0.558131,1,0.11596473414298267,"No observed outgoing edges; receives 81,310 KZT"
100000002433697100,transit,0.2990873533246414,1,0.15930855838945465,Pass-through ratio 0.85; 1 in / 1 out counterparties
100000002435265100,terminal,0.5632628000000001,1,0.11699421639844663,"No observed outgoing edges; receives 132,628 KZT"
100000002443664100,consolidator,0.30806311111111107,1,0.20841713609253287,Receives from 3 senders; retains 100% of observed flow
100000002445750100,peripheral,0.15,1,0.052479536858356456,Limited observed connectivity; no stronger structural role signal.
100000002448088100,transit,0.11355932203389829,1,0.1623343709059838,Pass-through ratio 1.25; 3 in / 1 out counterparties
100000002454724100,terminal,0.5625,1,0.11689036172803899,"No observed outgoing edges; receives 125,000 KZT"
100000002457464100,terminal,0.5566647,1,0.11501003687033506,"No observed outgoing edges; receives 66,647 KZT"
100000002459093100,peripheral,0.15,1,0.06658017612151226,Limited observed connectivity; no stronger structural role signal.
100000002459163100,terminal,0.552018,9,0.11409663576303332,"No observed outgoing edges; receives 20,180 KZT"
100000002459164100,terminal,0.552,1,0.1188362816203433,"No observed outgoing edges; receives 20,000 KZT"
100000002459240100,terminal,0.5650000000000001,1,0.11764961874896745,"No observed outgoing edges; receives 150,000 KZT"
100000002459832100,consolidator,0.31762962222222224,1,0.22206560088567395,Receives from 2 senders; retains 100% of observed flow
100000002462183100,terminal,0.5607500000000001,11,0.11823835574277856,"No observed outgoing edges; receives 107,500 KZT"
100000002469065100,terminal,0.5700000000000001,1,0.1204756952522703,"No observed outgoing edges; receives 200,000 KZT"
100000002472632100,consolidator,0.2654331068648266,1,0.223639923707309,Receives from 2 senders; retains 96% of observed flow
100000002474570100,peripheral,0.15,1,0.035400255589893424,"No outgoing edge, but node is at depth 4; terminal status is obscured by graph boundary."
100000002475601100,terminal,0.5732301000000001,1,0.12138614619617484,"No observed outgoing edges; receives 232,301 KZT"
100000002478829100,peripheral,0.15,1,0.038557089684166004,"No outgoing edge, but node is at depth 4; terminal status is obscured by graph boundary."
100000002479804100,transit,0.1449521002210759,1,0.15635396026340767,Pass-through ratio 0.77; 1 in / 2 out counterparties
100000002480800100,consolidator,0.27957512222222225,1,0.21560277387875448,Receives from 2 senders; retains 100% of observed flow
100000002481735100,terminal,0.5522436000000001,1,0.11423236440697469,"No observed outgoing edges; receives 22,436 KZT"
100000002481974100,peripheral,0.15,1,0.05332330415972566,Limited observed connectivity; no stronger structural role signal.
100000002487222100,peripheral,0.15,1,0.03882342524431516,"No outgoing edge, but node is at depth 4; terminal status is obscured by graph boundary."
100000002488629100,terminal,0.557305,1,0.11467899093581951,"No observed outgoing edges; receives 73,050 KZT"
100000002489253100,terminal,0.5551,1,0.1138239666332864,"No observed outgoing edges; receives 51,000 KZT"
100000002492277100,terminal,0.5638500000000001,1,0.11761625386446464,"No observed outgoing edges; receives 138,500 KZT"
100000002505277100,peripheral,0.15,1,0.039931717942496864,"No outgoing edge, but node is at depth 4; terminal status is obscured by graph boundary."
100000002506987100,peripheral,0.15,1,0.03631507749060419,"No outgoing edge, but node is at depth 4; terminal status is obscured by graph boundary."
100000002508637100,peripheral,0.15,1,0.05596416474042716,Limited observed connectivity; no stronger structural role signal.
100000002509598100,terminal,0.580555,1,0.12438623749803272,"No observed outgoing edges; receives 305,550 KZT"
100000002511581100,terminal,0.55176,4,0.11207676530254698,"No observed outgoing edges; receives 17,600 KZT"
100000002511825100,terminal,0.5565,1,0.11430024877123325,"No observed outgoing edges; receives 65,000 KZT"
100000002512742100,peripheral,0.15,1,0.03536472813263596,"No outgoing edge, but node is at depth 4; terminal status is obscured by graph boundary."
100000002513028100,distributor,0.07304035493825028,1,0.1797936169344041,"Distributes to 3 receivers; outgoing flow 332,709 KZT"
100000002514975100,peripheral,0.15,1,0.041196324083752844,"No outgoing edge, but node is at depth 4; terminal status is obscured by graph boundary."
100000002516862100,peripheral,0.15,1,0.03940087914724159,"No outgoing edge, but node is at depth 4; terminal status is obscured by graph boundary."
100000002521039100,terminal,0.584937,1,0.1263468490183059,"No observed outgoing edges; receives 349,370 KZT"
100000002527114100,coordinator,0.47275669706979756,4,0.39475251687882357,Centrality 0.06; 114 counterparties
100000002528544100,terminal,0.5692912,1,0.1196710517720903,"No observed outgoing edges; receives 192,912 KZT"
100000002528978100,peripheral,0.15,1,0.035776595260209036,"No outgoing edge, but node is at depth 4; terminal status is obscured by graph boundary."
100000002529877100,peripheral,0.15,1,0.043750615123470026,"No outgoing edge, but node is at depth 4; terminal status is obscured by graph boundary."
100000002529880100,consolidator,0.22796666666666665,1,0.1892082887027582,Receives from 2 senders; retains 100% of observed flow
100000002530224100,terminal,0.5613,1,0.1161329996353045,"No observed outgoing edges; receives 113,000 KZT"
100000002531406100,transit,0.5298565840938723,1,0.17936679265724828,Pass-through ratio 0.96; 1 in / 1 out counterparties
100000002534091100,terminal,0.55222,1,0.11247991672352815,"No observed outgoing edges; receives 22,200 KZT"
100000002537811100,peripheral,0.15,1,0.07011990499440879,Limited observed connectivity; no stronger structural role signal.
100000002539625100,terminal,0.55947,1,0.11677919303439191,"No observed outgoing edges; receives 94,700 KZT"
100000002540033100,peripheral,0.15,1,0.04236810292926512,"No outgoing edge, but node is at depth 4; terminal status is obscured by graph boundary."
100000002540623100,terminal,0.56,1,0.11668994314907716,"No observed outgoing edges; receives 100,000 KZT"
100000002546921100,terminal,0.552,1,0.11225311621010853,"No observed outgoing edges; receives 20,000 KZT"
100000002547110100,consolidator,0.5133333333333333,1,0.2571234870503282,Receives from 6 senders; retains 100% of observed flow
100000002548759100,consolidator,0.25583333333333336,1,0.19877232367219,Receives from 2 senders; retains 100% of observed flow
100000002550141100,terminal,0.5600586000000001,1,0.11604640874873373,"No observed outgoing edges; receives 100,586 KZT"
100000002554175100,terminal,0.5524621000000001,1,0.112538155301837,"No observed outgoing edges; receives 24,621 KZT"
100000002556775100,terminal,0.5800000000000001,1,0.12402805105725691,"No observed outgoing edges; receives 300,000 KZT"
100000002558173100,terminal,0.55093,1,0.11192823492944813,"No observed outgoing edges; receives 9,300 KZT"
100000002559089100,consolidator,0.2973888888888889,1,0.21514452684416652,Receives from 2 senders; retains 100% of observed flow
100000002565277100,terminal,0.5983319,1,0.13395408545503956,"No observed outgoing edges; receives 483,319 KZT"
100000002566204100,terminal,0.5580805000000001,1,0.11564981279889994,"No observed outgoing edges; receives 80,805 KZT"
100000002567887100,terminal,0.5550915000000001,1,0.1134362389805217,"No observed outgoing edges; receives 50,915 KZT"
100000002570206100,consolidator,0.23040617333333333,1,0.19036516431341066,Receives from 2 senders; retains 100% of observed flow
100000002575080100,transit,0.5298565840938723,1,0.1605133373135321,Pass-through ratio 0.96; 1 in / 1 out counterparties
100000002578405100,distributor,0.5243257131367146,4,0.4062663752729052,"Distributes to 116 receivers; outgoing flow 3,108,352 KZT"
100000002578653100,terminal,0.552,1,0.1127808002071427,"No observed outgoing edges; receives 20,000 KZT"
100000002580377100,peripheral,0.15,1,0.044584794100617955,Limited observed connectivity; no stronger structural role signal.
100000002581346100,terminal,0.56664,1,0.11834699401467377,"No observed outgoing edges; receives 166,400 KZT"
100000002589019100,terminal,0.553471,1,0.11286892216807341,"No observed outgoing edges; receives 34,710 KZT"
100000002591469100,terminal,0.573567,1,0.12144690974706952,"No observed outgoing edges; receives 235,670 KZT"
100000002592567100,peripheral,0.15,1,0.05648380482411919,Limited observed connectivity; no stronger structural role signal.
100000002593038100,terminal,0.5528500000000001,1,0.12225827538446513,"No observed outgoing edges; receives 28,500 KZT"
100000002593344100,consolidator,0.2626777777777778,1,0.2024307394912357,Receives from 2 senders; retains 100% of observed flow
100000002594214100,peripheral,0.15,1,0.0723208635107405,"No outgoing edge, but node is at depth 4; terminal status is obscured by graph boundary."
100000002596035100,terminal,0.573157,1,0.12184368687784988,"No observed outgoing edges; receives 231,570 KZT"
100000002596039100,peripheral,0.15,1,0.04541753019207127,"No outgoing edge, but node is at depth 4; terminal status is obscured by graph boundary."
100000002597003100,peripheral,0.15,1,0.043779939508618346,Limited observed connectivity; no stronger structural role signal.
100000002597074100,peripheral,0.15,1,0.035918942331732054,"No outgoing edge, but node is at depth 4; terminal status is obscured by graph boundary."
100000002597623100,terminal,0.5516418000000001,1,0.11197963945095218,"No observed outgoing edges; receives 16,418 KZT"
100000002599729100,peripheral,0.15,1,0.04185343004098595,"No outgoing edge, but node is at depth 4; terminal status is obscured by graph boundary."
100000002600345100,consolidator,0.21640444444444445,1,0.18499262321298912,Receives from 2 senders; retains 100% of observed flow
100000002603371100,terminal,0.55093,1,0.11175874668685613,"No observed outgoing edges; receives 9,300 KZT"
100000002603478100,terminal,0.55235,1,0.11235291474934385,"No observed outgoing edges; receives 23,500 KZT"
100000002603769100,consolidator,0.38487831111111115,1,0.23993370559168814,Receives from 3 senders; retains 100% of observed flow
100000002605184100,terminal,0.5640000000000001,1,0.11987668530773371,"No observed outgoing edges; receives 140,000 KZT"
100000002605308100,consolidator,0.5540526693333333,1,0.306635385828967,Receives from 3 senders; retains 100% of observed flow
100000002605548100,consolidator,0.2242627222222222,1,0.18816051856112717,Receives from 2 senders; retains 100% of observed flow
100000002606567100,peripheral,0.15,1,0.043962147191499705,Limited observed connectivity; no stronger structural role signal.
100000002609774100,peripheral,0.15,1,0.047785752481091084,Limited observed connectivity; no stronger structural role signal.
100000002611334100,peripheral,0.15,1,0.04552416302780926,Limited observed connectivity; no stronger structural role signal.
100000002612809100,distributor,0.06781066975638615,1,0.18106111371770361,"Distributes to 3 receivers; outgoing flow 114,000 KZT"
100000002613776100,terminal,0.553,1,0.11293945534337166,"No observed outgoing edges; receives 30,000 KZT"
100000002613929100,terminal,0.552856,1,0.12547403764909548,"No observed outgoing edges; receives 28,560 KZT"
100000002614095100,terminal,0.5505300000000001,4,0.11151377552976353,"No observed outgoing edges; receives 5,300 KZT"
100000002615479100,terminal,0.5720000000000001,1,0.12105956661667035,"No observed outgoing edges; receives 220,000 KZT"
100000002618492100,consolidator,0.2462388888888889,1,0.19709032185837774,Receives from 2 senders; retains 100% of observed flow
100000002621434100,terminal,0.5581,1,0.11475620297841911,"No observed outgoing edges; receives 81,000 KZT"
100000002621915100,terminal,0.5505,1,0.11795404930646271,"No observed outgoing edges; receives 5,000 KZT"
100000002621949100,terminal,0.5664612,1,0.11899667907091202,"No observed outgoing edges; receives 164,612 KZT"
100000002622822100,peripheral,0.15,1,0.0755371083861084,"No outgoing edge, but node is at depth 4; terminal status is obscured by graph boundary."
100000002628146100,terminal,0.55305,1,0.1134260228823435,"No observed outgoing edges; receives 30,500 KZT"
100000002628576100,consolidator,0.18788765922016054,1,0.22123129261236263,Receives from 2 senders; retains 26% of observed flow
100000002632742100,consolidator,0.23878333333333335,1,0.1931964930727681,Receives from 2 senders; retains 100% of observed flow
100000002633108100,terminal,0.5820000000000001,1,0.1269820627515668,"No observed outgoing edges; receives 320,000 KZT"
100000002633701100,terminal,0.576685,1,0.12305085965102724,"No observed outgoing edges; receives 266,850 KZT"
100000002635746100,peripheral,0.15,1,0.035331569172529,"No outgoing edge, but node is at depth 4; terminal status is obscured by graph boundary."
100000002635780100,terminal,0.5663000020000001,1,0.12515142123640915,"No observed outgoing edges; receives 163,000 KZT"
100000002644285100,terminal,0.6000000000000001,1,0.1327325692869466,"No observed outgoing edges; receives 500,000 KZT"
100000002645046100,peripheral,0.15,1,0.035648947790695655,"No outgoing edge, but node is at depth 4; terminal status is obscured by graph boundary."
100000002645609100,consolidator,0.33683363866666666,1,0.20970487139961702,Receives from 4 senders; retains 100% of observed flow
100000002645993100,distributor,0.11097813726869128,1,0.18346374252938255,"Distributes to 5 receivers; outgoing flow 86,980 KZT"
100000002646745100,terminal,0.55123,4,0.11183417621346142,"No observed outgoing edges; receives 12,300 KZT"
100000002646887100,terminal,0.5524354,1,0.11253871688220381,"No observed outgoing edges; receives 24,354 KZT"
100000002648315100,peripheral,0.15,1,0.05015335666648298,Limited observed connectivity; no stronger structural role signal.
100000002653187100,peripheral,0.15,1,0.039803114590225286,"No outgoing edge, but node is at depth 4; terminal status is obscured by graph boundary."
100000002653948100,terminal,0.55852,1,0.1148941359917864,"No observed outgoing edges; receives 85,200 KZT"
100000002659103100,peripheral,0.15,1,0.04235712441030205,"No outgoing edge, but node is at depth 4; terminal status is obscured by graph boundary."
100000002659265100,peripheral,0.15,1,0.040836926100103275,"No outgoing edge, but node is at depth 4; terminal status is obscured by graph boundary."
100000002660298100,peripheral,0.15,1,0.0364332809070324,"No outgoing edge, but node is at depth 4; terminal status is obscured by graph boundary."
100000002662768100,terminal,0.5584300000000001,1,0.11533275734608436,"No observed outgoing edges; receives 84,300 KZT"
100000002663511100,terminal,0.576894,1,0.12310484675497306,"No observed outgoing edges; receives 268,940 KZT"
100000002666248100,terminal,0.5570032,1,0.1145578951853658,"No observed outgoing edges; receives 70,032 KZT"
100000002670463100,peripheral,0.15,1,0.036572661679389634,"No outgoing edge, but node is at depth 4; terminal status is obscured by graph boundary."
100000002670860100,consolidator,0.265,1,0.20190863379266571,Receives from 2 senders; retains 100% of observed flow
100000002670960100,terminal,0.5980310000000001,1,0.13188742003046053,"No observed outgoing edges; receives 480,310 KZT"
100000002671326100,peripheral,0.15,1,0.07995061411822005,"No outgoing edge, but node is at depth 4; terminal status is obscured by graph boundary."
100000002671806100,terminal,0.5512440000000001,1,0.11184381197939301,"No observed outgoing edges; receives 12,440 KZT"
100000002677201100,peripheral,0.15,1,0.0504952178600439,Limited observed connectivity; no stronger structural role signal.
100000002679516100,consolidator,0.2525076111111111,1,0.18916177210938248,Receives from 3 senders; retains 100% of observed flow
100000002680477100,terminal,0.5525,1,0.11254911302439534,"No observed outgoing edges; receives 25,000 KZT"
100000002681449100,peripheral,0.15,1,0.050683585438619706,Limited observed connectivity; no stronger structural role signal.
100000002681544100,consolidator,0.23029768888888888,1,0.19078018062112947,Receives from 2 senders; retains 100% of observed flow
100000002686226100,peripheral,0.15,1,0.058551755769950614,"No outgoing edge, but node is at depth 4; terminal status is obscured by graph boundary."
100000002689717100,peripheral,0.15,1,0.037160013022850234,"No outgoing edge, but node is at depth 4; terminal status is obscured by graph boundary."
100000002691583100,terminal,0.57852,1,0.1250346681941141,"No observed outgoing edges; receives 285,200 KZT"
100000002691858100,terminal,0.55515,1,0.11490968076021159,"No observed outgoing edges; receives 51,500 KZT"
100000002692044100,terminal,0.5597000000000001,1,0.11573619265091584,"No observed outgoing edges; receives 97,000 KZT"
100000002692750100,consolidator,0.15142394141628998,1,0.23616992570045608,Receives from 3 senders; retains 32% of observed flow
100000002695812100,peripheral,0.15,1,0.0392395175711242,"No outgoing edge, but node is at depth 4; terminal status is obscured by graph boundary."
100000002696152100,peripheral,0.15,1,0.06980881511559398,Limited observed connectivity; no stronger structural role signal.
100000002697752100,consolidator,0.23331816666666666,1,0.19164879126967763,Receives from 2 senders; retains 100% of observed flow
100000002700161100,peripheral,0.15,1,0.05024079102819202,"No outgoing edge, but node is at depth 4; terminal status is obscured by graph boundary."
100000002702968100,peripheral,0.15,1,0.03646392623721748,"No outgoing edge, but node is at depth 4; terminal status is obscured by graph boundary."
100000002703376100,terminal,0.5546501,1,0.11339897669944624,"No observed outgoing edges; receives 46,501 KZT"
100000002704875100,consolidator,0.2699311222222222,1,0.1947935934918053,Receives from 3 senders; retains 100% of observed flow
100000002705460100,terminal,0.5595,1,0.12237928457068942,"No observed outgoing edges; receives 95,000 KZT"
100000002706810100,peripheral,0.15,1,0.037212155910023935,"No outgoing edge, but node is at depth 4; terminal status is obscured by graph boundary."
100000002707106100,peripheral,0.15,1,0.03563497621937439,"No outgoing edge, but node is at depth 4; terminal status is obscured by graph boundary."
100000002708624100,terminal,0.5525,1,0.11344692190636069,"No observed outgoing edges; receives 25,000 KZT"
100000002710570100,terminal,0.5725015,1,0.1273086943997118,"No observed outgoing edges; receives 225,015 KZT"
100000002712416100,consolidator,0.22427555555555556,1,0.18785849695623613,Receives from 2 senders; retains 100% of observed flow
100000002713074100,consolidator,0.2034126984126984,1,0.22077892999915644,Receives from 2 senders; retains 39% of observed flow
100000002713974100,peripheral,0.15,1,0.0378425118778561,"No outgoing edge, but node is at depth 4; terminal status is obscured by graph boundary."
100000002718366100,consolidator,0.6386111111111111,1,0.3032405137184054,Receives from 6 senders; retains 100% of observed flow
100000002720627100,terminal,0.56993,1,0.12037037604696704,"No observed outgoing edges; receives 199,300 KZT"
100000002721825100,terminal,0.5511,1,0.11818766494507714,"No observed outgoing edges; receives 11,000 KZT"
100000002722108100,terminal,0.63,1,0.14560939899470773,"No observed outgoing edges; receives 800,000 KZT"
100000002723439100,peripheral,0.15,1,0.041681027724441475,"No outgoing edge, but node is at depth 4; terminal status is obscured by graph boundary."
100000002723538100,distributor,0.27247023233412077,1,0.20391478120253667,"Distributes to 12 receivers; outgoing flow 560,499 KZT"
100000002723674100,peripheral,0.15,1,0.037072117798424134,"No outgoing edge, but node is at depth 4; terminal status is obscured by graph boundary."
100000002726055100,peripheral,0.15,1,0.03665040998316496,"No outgoing edge, but node is at depth 4; terminal status is obscured by graph boundary."
100000002727288100,terminal,0.5516000000000001,1,0.11405520651477699,"No observed outgoing edges; receives 16,000 KZT"
100000002728246100,peripheral,0.15,1,0.04108541760811115,"No outgoing edge, but node is at depth 4; terminal status is obscured by graph boundary."
100000002729875100,peripheral,0.15,1,0.03840771575181462,"No outgoing edge, but node is at depth 4; terminal status is obscured by graph boundary."
100000002731501100,distributor,0.17265319400120607,7,0.2187624097890796,"Distributes to 7 receivers; outgoing flow 833,960 KZT"
100000002733083100,peripheral,0.15,1,0.035745949930023946,"No outgoing edge, but node is at depth 4; terminal status is obscured by graph boundary."
100000002733905100,peripheral,0.15,4,0.12566222492897633,Limited observed connectivity; no stronger structural role signal.
100000002734815100,peripheral,0.15,1,0.03957133073562571,"No outgoing edge, but node is at depth 4; terminal status is obscured by graph boundary."
100000002736033100,peripheral,0.15,1,0.044646488003052896,Limited observed connectivity; no stronger structural role signal.
100000002736316100,consolidator,0.27262367777777774,1,0.1975175936856974,Receives from 3 senders; retains 100% of observed flow
100000002737980100,terminal,0.5532900000000001,1,0.11290104933107319,"No observed outgoing edges; receives 32,900 KZT"
100000002738256100,transit,0.2765532961700785,12,0.1660855231600911,Pass-through ratio 1.17; 1 in / 1 out counterparties
100000002741024100,consolidator,0.32020786075634283,1,0.30118004341269056,Receives from 5 senders; retains 47% of observed flow
100000002742067100,terminal,0.551273,1,0.11190805248730719,"No observed outgoing edges; receives 12,730 KZT"
100000002744581100,terminal,0.5512,1,0.1128059370582639,"No observed outgoing edges; receives 12,000 KZT"
100000002748040100,peripheral,0.15,1,0.03586853125076431,"No outgoing edge, but node is at depth 4; terminal status is obscured by graph boundary."
100000002748180100,distributor,0.1876944301874363,1,0.18770651684771386,"Distributes to 8 receivers; outgoing flow 679,743 KZT"
100000002748511100,peripheral,0.15,1,0.0420838047442371,"No outgoing edge, but node is at depth 4; terminal status is obscured by graph boundary."
100000002748532100,peripheral,0.15,1,0.06849138278322232,Limited observed connectivity; no stronger structural role signal.
100000002748581100,terminal,0.554118,1,0.11329297983593548,"No observed outgoing edges; receives 41,180 KZT"
100000002748761100,terminal,0.62968,1,0.14547204614449163,"No observed outgoing edges; receives 796,800 KZT"
100000002750332100,terminal,0.5511360000000001,1,0.1117766227988565,"No observed outgoing edges; receives 11,360 KZT"
100000002750956100,terminal,0.5547416000000001,1,0.11348081750937965,"No observed outgoing edges; receives 47,416 KZT"
100000002752565100,peripheral,0.15,1,0.03827546794595579,"No outgoing edge, but node is at depth 4; terminal status is obscured by graph boundary."
100000002753146100,terminal,0.6303540000000001,1,0.14576134558525933,"No observed outgoing edges; receives 803,540 KZT"
100000002755292100,terminal,0.5703400000000001,1,0.1199203406507185,"No observed outgoing edges; receives 203,400 KZT"
100000002757240100,terminal,0.5551183000000001,1,0.1142256797631114,"No observed outgoing edges; receives 51,183 KZT"
100000002757791100,terminal,0.557305,1,0.11498434227237639,"No observed outgoing edges; receives 73,050 KZT"
100000002757797100,terminal,0.56,1,0.11587428562649019,"No observed outgoing edges; receives 100,000 KZT"
100000002760175100,terminal,0.568741,1,0.11982752926112271,"No observed outgoing edges; receives 187,410 KZT"
100000002762076100,consolidator,0.19509118849701143,1,0.19027555982840036,Receives from 2 senders; retains 79% of observed flow
100000002769809100,terminal,0.5613422,1,0.11841899378346722,"No observed outgoing edges; receives 113,422 KZT"
100000002773323100,peripheral,0.15,1,0.06686563151612848,Limited observed connectivity; no stronger structural role signal.
100000002774456100,terminal,0.5550363,1,0.11357054663205549,"No observed outgoing edges; receives 50,363 KZT"
100000002778085100,terminal,0.5566208,1,0.11421717186993009,"No observed outgoing edges; receives 66,208 KZT"
100000002779485100,terminal,0.5591,1,0.12192852716531512,"No observed outgoing edges; receives 91,000 KZT"
100000002781227100,distributor,0.07143523724493625,1,0.24192949445055303,"Distributes to 3 receivers; outgoing flow 212,420 KZT"
100000002784085100,terminal,0.5700000000000001,1,0.12016971387339831,"No observed outgoing edges; receives 200,000 KZT"
100000002791494100,peripheral,0.15,1,0.03883937711699317,"No outgoing edge, but node is at depth 4; terminal status is obscured by graph boundary."
100000002793851100,terminal,0.5511052000000001,1,0.11176295527471759,"No observed outgoing edges; receives 11,052 KZT"
100000002793881100,consolidator,0.33601777777777775,1,0.21890214581045006,Receives from 3 senders; retains 100% of observed flow
100000002794197100,terminal,0.55301,1,0.11257083964864838,"No observed outgoing edges; receives 30,100 KZT"
100000002794374100,peripheral,0.15,1,0.040758162720640624,"No outgoing edge, but node is at depth 4; terminal status is obscured by graph boundary."
100000002796853100,peripheral,0.15,1,0.09924036417688305,Limited observed connectivity; no stronger structural role signal.
100000002799941100,terminal,0.6100000000000001,1,0.13896953845471058,"No observed outgoing edges; receives 600,000 KZT"
100000002807334100,terminal,0.5554715,1,0.1135978259323317,"No observed outgoing edges; receives 54,715 KZT"
100000002809568100,terminal,0.551,1,0.11173719602999418,"No observed outgoing edges; receives 10,000 KZT"
100000002809896100,terminal,0.5538000000000001,1,0.11322662353600486,"No observed outgoing edges; receives 38,000 KZT"
100000002810870100,terminal,0.5533677,4,0.11286023809947297,"No observed outgoing edges; receives 33,677 KZT"
100000002812641100,transit,0.011569661016949092,1,0.1997313202075289,Pass-through ratio 0.70; 1 in / 1 out counterparties
100000002815005100,terminal,0.59765,1,0.13200619291464882,"No observed outgoing edges; receives 476,500 KZT"
100000002818726100,terminal,0.5510879000000001,1,0.11183032015267647,"No observed outgoing edges; receives 10,879 KZT"
100000002820010100,terminal,0.553,1,0.11267069547359031,"No observed outgoing edges; receives 30,000 KZT"
100000002821425100,terminal,0.5775,1,0.12307494700612572,"No observed outgoing edges; receives 275,000 KZT"
100000002822472100,consolidator,0.24259935555555556,1,0.19435758114153234,Receives from 2 senders; retains 100% of observed flow
100000002824176100,terminal,0.5644,1,0.11866489881381488,"No observed outgoing edges; receives 144,000 KZT"
100000002826669100,terminal,0.56599,1,0.12294316820605582,"No observed outgoing edges; receives 159,900 KZT"
100000002830055100,terminal,0.5514,4,0.11193177744412633,"No observed outgoing edges; receives 14,000 KZT"
100000002831727100,peripheral,0.15,1,0.04389144483284731,Limited observed connectivity; no stronger structural role signal.
100000002832753100,peripheral,0.15,1,0.04601690558666258,"No outgoing edge, but node is at depth 4; terminal status is obscured by graph boundary."
100000002835874100,peripheral,0.15,1,0.037332140596469054,"No outgoing edge, but node is at depth 4; terminal status is obscured by graph boundary."
100000002836052100,terminal,0.5515,1,0.11242417998917906,"No observed outgoing edges; receives 15,000 KZT"
100000002836736100,consolidator,0.27221111111111107,1,0.20811962474929716,Receives from 2 senders; retains 100% of observed flow
100000002838519100,terminal,0.55469,1,0.11357381174999262,"No observed outgoing edges; receives 46,900 KZT"
100000002838861100,consolidator,0.36507012651441584,1,0.2593291075332229,Receives from 5 senders; retains 98% of observed flow
100000002842321100,terminal,0.5660000000000001,1,0.11807484756952008,"No observed outgoing edges; receives 160,000 KZT"
100000002842337100,terminal,0.555,1,0.11548497509379972,"No observed outgoing edges; receives 50,000 KZT"
100000002844652100,terminal,0.5561360000000001,1,0.1139205791596502,"No observed outgoing edges; receives 61,360 KZT"
100000002844897100,terminal,0.55108,1,0.11175170692204488,"No observed outgoing edges; receives 10,800 KZT"
100000002845605100,terminal,0.5557567,1,0.11395386384349453,"No observed outgoing edges; receives 57,567 KZT"
100000002847207100,terminal,0.5546243000000001,1,0.113441441073997,"No observed outgoing edges; receives 46,243 KZT"
100000002849158100,peripheral,0.15,1,0.0878730990765334,Limited observed connectivity; no stronger structural role signal.
100000002852402100,terminal,0.5555,1,0.11465191813844988,"No observed outgoing edges; receives 55,000 KZT"
100000002858835100,terminal,0.55244,4,0.1124225021895451,"No observed outgoing edges; receives 24,400 KZT"
100000002860934100,peripheral,0.15,1,0.051587046906896424,"No outgoing edge, but node is at depth 4; terminal status is obscured by graph boundary."
100000002861485100,terminal,0.5529323,1,0.1125759401070319,"No observed outgoing edges; receives 29,323 KZT"
100000002862113100,terminal,0.5547405000000001,1,0.11359860547667074,"No observed outgoing edges; receives 47,405 KZT"
100000002863356100,peripheral,0.15,4,0.04500900728640213,Limited observed connectivity; no stronger structural role signal.
100000002864256100,terminal,0.563578,1,0.11764354926558247,"No observed outgoing edges; receives 135,780 KZT"
100000002864680100,terminal,0.5555932,1,0.11384579187728647,"No observed outgoing edges; receives 55,932 KZT"
100000002870463100,consolidator,0.2580536231884058,1,0.23731527567320848,Receives from 3 senders; retains 95% of observed flow
100000002870937100,terminal,0.55837,1,0.11488517227147942,"No observed outgoing edges; receives 83,700 KZT"
100000002871199100,terminal,0.5523186,1,0.11240953762237882,"No observed outgoing edges; receives 23,186 KZT"
100000002872399100,terminal,0.659,1,0.16773130067160374,"No observed outgoing edges; receives 1,090,000 KZT"
100000002876914100,peripheral,0.15,1,0.035648947790695655,"No outgoing edge, but node is at depth 4; terminal status is obscured by graph boundary."
100000002877262100,terminal,0.56,1,0.11581525833477022,"No observed outgoing edges; receives 100,000 KZT"
100000002878467100,consolidator,0.23444444444444446,1,0.19163412630193535,Receives from 2 senders; retains 100% of observed flow
100000002878483100,peripheral,0.15,1,0.03536472813263596,"No outgoing edge, but node is at depth 4; terminal status is obscured by graph boundary."
100000002881669100,terminal,0.55186,1,0.11212736288923905,"No observed outgoing edges; receives 18,600 KZT"
100000002883402100,consolidator,0.2766666666666666,1,0.19671135751072613,Receives from 3 senders; retains 100% of observed flow
100000002884708100,peripheral,0.15,1,0.08276623546357864,"No outgoing edge, but node is at depth 4; terminal status is obscured by graph boundary."
100000002886166100,terminal,0.5685,7,0.12000548207595058,"No observed outgoing edges; receives 185,000 KZT"
100000002890167100,terminal,0.5618150000000001,1,0.11652837859972427,"No observed outgoing edges; receives 118,150 KZT"
100000002891765100,terminal,0.5555576000000001,1,0.1139997728839716,"No observed outgoing edges; receives 55,576 KZT"
100000002893020100,terminal,0.551834,1,0.11221494213352785,"No observed outgoing edges; receives 18,340 KZT"
100000002894076100,consolidator,0.40722891111111115,1,0.23442378096358676,Receives from 4 senders; retains 100% of observed flow
100000002896506100,peripheral,0.15,1,0.03730099290046738,"No outgoing edge, but node is at depth 4; terminal status is obscured by graph boundary."
100000002901457100,peripheral,0.15,1,0.06383945084668942,Limited observed connectivity; no stronger structural role signal.
100000002904919100,peripheral,0.15,1,0.04556360983205805,Limited observed connectivity; no stronger structural role signal.
100000002906470100,terminal,0.5630000000000001,1,0.11727249604371837,"No observed outgoing edges; receives 130,000 KZT"
100000002908521100,terminal,0.55445,4,0.11330801935847178,"No observed outgoing edges; receives 44,500 KZT"
100000002911170100,terminal,0.5800000000000001,1,0.1247572071303444,"No observed outgoing edges; receives 300,000 KZT"
100000002913340100,terminal,0.5523600000000001,4,0.11235139446000234,"No observed outgoing edges; receives 23,600 KZT"
100000002914245100,terminal,0.5640611000000001,1,0.11739373695135236,"No observed outgoing edges; receives 140,611 KZT"
100000002916006100,peripheral,0.15,1,0.04153800864245309,Limited observed connectivity; no stronger structural role signal.
100000002921047100,consolidator,0.1789738241288626,1,0.20044529825159316,Receives from 2 senders; retains 52% of observed flow
100000002922000100,peripheral,0.15,1,0.05483762325763778,"No outgoing edge, but node is at depth 4; terminal status is obscured by graph boundary."
100000002926970100,terminal,0.5585,1,0.11564519046969862,"No observed outgoing edges; receives 85,000 KZT"
100000002933386100,peripheral,0.15,1,0.05363160815625227,Limited observed connectivity; no stronger structural role signal.
100000002934441100,consolidator,0.21743668444444444,1,0.1855221625859192,Receives from 2 senders; retains 100% of observed flow
100000002936322100,consolidator,0.30620514444444447,1,0.21746625310782883,Receives from 2 senders; retains 100% of observed flow
100000002938501100,peripheral,0.15,1,0.043257299781235346,Limited observed connectivity; no stronger structural role signal.
100000002939838100,consolidator,0.3098173666666667,1,0.21062456145947356,Receives from 3 senders; retains 100% of observed flow
100000002941114100,consolidator,0.20819841267000405,1,0.2298048882411676,Receives from 2 senders; retains 88% of observed flow
100000002943472100,terminal,0.5670000000000001,1,0.11899610866063479,"No observed outgoing edges; receives 170,000 KZT"
100000002945031100,terminal,0.5515,1,0.1120421217913515,"No observed outgoing edges; receives 15,000 KZT"
100000002945626100,consolidator,0.31137777777777775,1,0.20952084265587093,Receives from 3 senders; retains 100% of observed flow
100000002947299100,terminal,0.5585,1,0.1161777361233234,"No observed outgoing edges; receives 85,000 KZT"
100000002948492100,terminal,0.552366,1,0.11243280935791433,"No observed outgoing edges; receives 23,660 KZT"
100000002951898100,terminal,0.553999,1,0.11323455501465436,"No observed outgoing edges; receives 39,990 KZT"
100000002952631100,terminal,0.554805,1,0.11340921507582123,"No observed outgoing edges; receives 48,050 KZT"
100000002952756100,terminal,0.5547000000000001,1,0.11538747192265927,"No observed outgoing edges; receives 47,000 KZT"
100000002954780100,terminal,0.5633400000000001,1,0.11701070750406893,"No observed outgoing edges; receives 133,400 KZT"
100000002956769100,consolidator,0.3426666666666667,1,0.22142387541622788,Receives from 3 senders; retains 100% of observed flow
100000002956779100,terminal,0.5911000000000001,1,0.1314857825235818,"No observed outgoing edges; receives 411,000 KZT"
100000002956898100,consolidator,0.2454737777777778,1,0.19703473690346562,Receives from 2 senders; retains 100% of observed flow
100000002957306100,consolidator,0.2587043333333333,1,0.20097684047898678,Receives from 2 senders; retains 100% of observed flow
100000002957787100,distributor,0.3788199856158194,1,0.3125362497727136,"Distributes to 34 receivers; outgoing flow 1,276,154 KZT"
100000002958139100,terminal,0.5709500000000001,1,0.12038762685263368,"No observed outgoing edges; receives 209,500 KZT"
100000002958286100,terminal,0.5757000000000001,1,0.1227057941917236,"No observed outgoing edges; receives 257,000 KZT"
100000002958343100,peripheral,0.15,1,0.18529256813283368,Limited observed connectivity; no stronger structural role signal.
100000002958345100,terminal,0.5807,1,0.1244484755082869,"No observed outgoing edges; receives 307,000 KZT"
100000002963189100,distributor,0.27496420488495116,1,0.24917025499845627,"Distributes to 7 receivers; outgoing flow 5,219,000 KZT"
100000002964966100,terminal,0.5700000000000001,1,0.12249104758868791,"No observed outgoing edges; receives 200,000 KZT"
100000002968096100,peripheral,0.15,1,0.03831719697223675,"No outgoing edge, but node is at depth 4; terminal status is obscured by graph boundary."
100000002969048100,terminal,0.5608470000000001,1,0.116331344600678,"No observed outgoing edges; receives 108,470 KZT"
100000002970466100,peripheral,0.15,1,0.04623718210457472,Limited observed connectivity; no stronger structural role signal.
100000002971593100,peripheral,0.15,1,0.04228418386354574,"No outgoing edge, but node is at depth 4; terminal status is obscured by graph boundary."
100000002973903100,consolidator,0.251352,1,0.18850622215937493,Receives from 3 senders; retains 100% of observed flow
100000002974256100,terminal,0.5507200000000001,1,0.11804222626068889,"No observed outgoing edges; receives 7,200 KZT"
100000002975287100,terminal,0.5515,1,0.11199143241330159,"No observed outgoing edges; receives 15,000 KZT"
100000002975437100,peripheral,0.15,1,0.07088382404695485,Limited observed connectivity; no stronger structural role signal.
100000002981489100,peripheral,0.15,1,0.035496388115658375,"No outgoing edge, but node is at depth 4; terminal status is obscured by graph boundary."
100000002981527100,terminal,0.5668000000000001,1,0.11874594948416306,"No observed outgoing edges; receives 168,000 KZT"
100000002982252100,terminal,0.5520320000000001,4,0.11222998709711157,"No observed outgoing edges; receives 20,320 KZT"
100000002983426100,terminal,0.5588945000000001,1,0.11584819571551612,"No observed outgoing edges; receives 88,945 KZT"
100000002983879100,consolidator,0.23445055555555555,1,0.19278353599153336,Receives from 2 senders; retains 100% of observed flow
100000002984403100,transit,0.10677966101694913,1,0.1548256631274262,Pass-through ratio 1.25; 1 in / 1 out counterparties
100000002986245100,peripheral,0.15,1,0.03535288564688347,"No outgoing edge, but node is at depth 4; terminal status is obscured by graph boundary."
100000002988894100,peripheral,0.15,1,0.061289057506433126,Limited observed connectivity; no stronger structural role signal.
100000002989353100,peripheral,0.15,1,0.06799916776212965,Limited observed connectivity; no stronger structural role signal.
100000002990675100,terminal,0.5551143000000001,1,0.1134459341976303,"No observed outgoing edges; receives 51,143 KZT"
100000002991079100,consolidator,0.21711762629654502,1,0.19332030716465776,Receives from 2 senders; retains 93% of observed flow
100000002992171100,terminal,0.5514627000000001,4,0.11196136248406646,"No observed outgoing edges; receives 14,627 KZT"
100000002994441100,peripheral,0.15,1,0.04123500311579482,"No outgoing edge, but node is at depth 4; terminal status is obscured by graph boundary."
100000002999140100,peripheral,0.15,1,0.035522095208831775,"No outgoing edge, but node is at depth 4; terminal status is obscured by graph boundary."
100000003001138100,peripheral,0.15,1,0.036852229952106165,"No outgoing edge, but node is at depth 4; terminal status is obscured by graph boundary."
100000003001564100,peripheral,0.15,1,0.045410801169997315,Limited observed connectivity; no stronger structural role signal.
100000003001661100,distributor,0.11813627298810157,1,0.19411959555525807,"Distributes to 5 receivers; outgoing flow 439,500 KZT"
100000003003821100,terminal,0.554,1,0.1169405945363914,"No observed outgoing edges; receives 40,000 KZT"
100000003004487100,peripheral,0.15,1,0.062427510696512034,Limited observed connectivity; no stronger structural role signal.
100000003005167100,peripheral,0.15,1,0.035412098075645916,"No outgoing edge, but node is at depth 4; terminal status is obscured by graph boundary."
100000003006633100,terminal,0.551,1,0.11188826134928648,"No observed outgoing edges; receives 10,000 KZT"
100000003009900100,terminal,0.5515998000000001,1,0.1120944254578106,"No observed outgoing edges; receives 15,998 KZT"
100000003010908100,peripheral,0.15,1,0.03822455351464878,"No outgoing edge, but node is at depth 4; terminal status is obscured by graph boundary."
100000003014659100,terminal,0.5780000000000001,1,0.12405479451775243,"No observed outgoing edges; receives 280,000 KZT"
100000003016438100,peripheral,0.15,1,0.05455291809800198,Limited observed connectivity; no stronger structural role signal.
100000003016635100,coordinator,0.6360850505051352,1,0.5501819542522178,Centrality 0.48; 81 counterparties
100000003016773100,terminal,0.5546555000000001,1,0.1139789504002382,"No observed outgoing edges; receives 46,555 KZT"
100000003022835100,terminal,0.5625,1,0.11713762739746883,"No observed outgoing edges; receives 125,000 KZT"
100000003024542100,terminal,0.5508500000000001,1,0.11247593566101707,"No observed outgoing edges; receives 8,500 KZT"
100000003025903100,peripheral,0.15,1,0.05414213366839257,"No outgoing edge, but node is at depth 4; terminal status is obscured by graph boundary."
100000003031003100,consolidator,0.27423322222222224,1,0.1961664784821416,Receives from 3 senders; retains 100% of observed flow
100000003031633100,terminal,0.5914,1,0.12928649112110596,"No observed outgoing edges; receives 414,000 KZT"
100000003031761100,terminal,0.5960408,1,0.13131848882469183,"No observed outgoing edges; receives 460,408 KZT"
100000003031890100,terminal,0.5715,7,0.12302959833150669,"No observed outgoing edges; receives 215,000 KZT"
100000003034546100,terminal,0.5986715,1,0.13275645399389194,"No observed outgoing edges; receives 486,715 KZT"
100000003035737100,consolidator,0.30768536240702066,1,0.22035785687731846,Receives from 2 senders; retains 99% of observed flow
100000003036198100,terminal,0.5515,1,0.11195837785841661,"No observed outgoing edges; receives 15,000 KZT"
100000003037476100,consolidator,0.3078333333333333,1,0.17754757923412498,Receives from 3 senders; retains 100% of observed flow
100000003037660100,terminal,0.5553,1,0.1137585574063573,"No observed outgoing edges; receives 53,000 KZT"
100000003039473100,terminal,0.5523,1,0.11292955722122588,"No observed outgoing edges; receives 23,000 KZT"
100000003040087100,peripheral,0.15,1,0.036350100725101434,"No outgoing edge, but node is at depth 4; terminal status is obscured by graph boundary."
100000003042994100,terminal,0.5786086,1,0.12400084429944157,"No observed outgoing edges; receives 286,086 KZT"
100000003044431100,consolidator,0.21733333333333332,1,0.18548632824570752,Receives from 2 senders; retains 100% of observed flow
100000003044518100,terminal,0.5534423,1,0.11275749748313531,"No observed outgoing edges; receives 34,423 KZT"
100000003047800100,peripheral,0.15,1,0.0375003366241578,"No outgoing edge, but node is at depth 4; terminal status is obscured by graph boundary."
100000003050771100,terminal,0.5729000000000001,1,0.12304079946096041,"No observed outgoing edges; receives 229,000 KZT"
100000003054328100,peripheral,0.15,1,0.052598460600921944,Limited observed connectivity; no stronger structural role signal.
100000003057225100,terminal,0.5736,1,0.12177222198477383,"No observed outgoing edges; receives 236,000 KZT"
100000003060187100,terminal,0.5593046,1,0.11556655454317412,"No observed outgoing edges; receives 93,046 KZT"
100000003060517100,terminal,0.5815955,1,0.12644220752603086,"No observed outgoing edges; receives 315,955 KZT"
100000003061115100,peripheral,0.15,1,0.04221941201981538,"No outgoing edge, but node is at depth 4; terminal status is obscured by graph boundary."
100000003062895100,consolidator,0.25014315555555555,1,0.19943608530829837,Receives from 2 senders; retains 100% of observed flow
100000003066385100,consolidator,0.21244444444444444,1,0.18353264079989598,Receives from 2 senders; retains 100% of observed flow
100000003068941100,consolidator,0.2115952718676123,1,0.1904503011163657,Receives from 3 senders; retains 73% of observed flow
100000003069463100,peripheral,0.15,1,0.04357440069266105,Limited observed connectivity; no stronger structural role signal.
100000003071649100,terminal,0.5689500000000001,1,0.11942440414317113,"No observed outgoing edges; receives 189,500 KZT"
100000003071930100,consolidator,0.2968042366761351,1,0.2073936424458348,Receives from 3 senders; retains 99% of observed flow
100000003072205100,consolidator,0.22992222222222222,1,0.1616804858870007,Receives from 2 senders; retains 100% of observed flow
100000003072676100,terminal,0.5531545,1,0.11278586372110543,"No observed outgoing edges; receives 31,545 KZT"
100000003073398100,terminal,0.559296,1,0.11560779843066232,"No observed outgoing edges; receives 92,960 KZT"
100000003073635100,terminal,0.5629231,1,0.11734713453123541,"No observed outgoing edges; receives 129,231 KZT"
100000003074515100,peripheral,0.15,1,0.039108129816973924,"No outgoing edge, but node is at depth 4; terminal status is obscured by graph boundary."
100000003078839100,peripheral,0.15,1,0.03622891694266131,"No outgoing edge, but node is at depth 4; terminal status is obscured by graph boundary."
100000003083865100,peripheral,0.15,1,0.03573719412139963,"No outgoing edge, but node is at depth 4; terminal status is obscured by graph boundary."
100000003084870100,peripheral,0.15,1,0.0366417376171875,"No outgoing edge, but node is at depth 4; terminal status is obscured by graph boundary."
100000003086040100,terminal,0.55105,1,0.11860415310666657,"No observed outgoing edges; receives 10,500 KZT"
100000003087877100,terminal,0.5591486,1,0.11525471302124107,"No observed outgoing edges; receives 91,486 KZT"
100000003089018100,terminal,0.5730000000000001,1,0.12142417440537849,"No observed outgoing edges; receives 230,000 KZT"
100000003089553100,terminal,0.5650000000000001,1,0.11808729428181634,"No observed outgoing edges; receives 150,000 KZT"
100000003091142100,peripheral,0.15,1,0.03927267776035517,"No outgoing edge, but node is at depth 4; terminal status is obscured by graph boundary."
100000003093299100,terminal,0.5515,1,0.11191845134225631,"No observed outgoing edges; receives 15,000 KZT"
100000003095610100,terminal,0.5523665000000001,1,0.11248896062122826,"No observed outgoing edges; receives 23,665 KZT"
100000003096787100,peripheral,0.15,1,0.035798484781769814,"No outgoing edge, but node is at depth 4; terminal status is obscured by graph boundary."
100000003097324100,consolidator,0.24593333333333334,1,0.195856218402124,Receives from 2 senders; retains 100% of observed flow
100000003097947100,peripheral,0.15,1,0.03772764218855374,"No outgoing edge, but node is at depth 4; terminal status is obscured by graph boundary."
100000003102157100,terminal,0.5596746,1,0.11577964281347645,"No observed outgoing edges; receives 96,746 KZT"
100000003104347100,peripheral,0.15,1,0.06261752393510342,Limited observed connectivity; no stronger structural role signal.
100000003105089100,peripheral,0.15,1,0.03574437824919222,"No outgoing edge, but node is at depth 4; terminal status is obscured by graph boundary."
100000003105929100,peripheral,0.15,1,0.06243351923376253,Limited observed connectivity; no stronger structural role signal.
100000003109805100,terminal,0.5536929,1,0.11296276487670706,"No observed outgoing edges; receives 36,929 KZT"
100000003111305100,consolidator,0.3322524222222222,1,0.20941022808882917,Receives from 4 senders; retains 100% of observed flow
100000003112436100,terminal,0.56,1,0.11587344084647414,"No observed outgoing edges; receives 100,000 KZT"
100000003112578100,terminal,0.560108,1,0.11560981959687965,"No observed outgoing edges; receives 101,080 KZT"
100000003115284100,consolidator,0.618166642238165,1,0.32184268938142785,Receives from 8 senders; retains 76% of observed flow
100000003116106100,terminal,0.5994050000000001,1,0.13227961632008073,"No observed outgoing edges; receives 494,050 KZT"
100000003119550100,terminal,0.5521,4,0.1122620729458505,"No observed outgoing edges; receives 21,000 KZT"
100000003122817100,terminal,0.594468,1,0.1327310218758742,"No observed outgoing edges; receives 444,680 KZT"
100000003123296100,terminal,0.55862,1,0.11523905793884812,"No observed outgoing edges; receives 86,200 KZT"
100000003125997100,peripheral,0.15,1,0.04405670247267151,"No outgoing edge, but node is at depth 4; terminal status is obscured by graph boundary."
100000003128638100,peripheral,0.15,1,0.04732820555016564,"No outgoing edge, but node is at depth 4; terminal status is obscured by graph boundary."
100000003131016100,peripheral,0.15,1,0.09706255583761754,Limited observed connectivity; no stronger structural role signal.
100000003131693100,terminal,0.5853277,1,0.1278510157358156,"No observed outgoing edges; receives 353,277 KZT"
100000003132484100,terminal,0.559,1,0.12167434091409235,"No observed outgoing edges; receives 90,000 KZT"
100000003133045100,peripheral,0.15,1,0.0385492908887376,"No outgoing edge, but node is at depth 4; terminal status is obscured by graph boundary."
100000003134474100,terminal,0.5616000000000001,1,0.1162038407590885,"No observed outgoing edges; receives 116,000 KZT"
100000003134550100,peripheral,0.15,1,0.03891903725739964,"No outgoing edge, but node is at depth 4; terminal status is obscured by graph boundary."
100000003134934100,consolidator,0.3163654888888889,1,0.2045420211318211,Receives from 4 senders; retains 100% of observed flow
100000003134937100,terminal,0.5510286000000001,1,0.11172887140511259,"No observed outgoing edges; receives 10,286 KZT"
100000003146511100,peripheral,0.15,1,0.03602071672596225,"No outgoing edge, but node is at depth 4; terminal status is obscured by graph boundary."
100000003147719100,terminal,0.56,1,0.1155736759934448,"No observed outgoing edges; receives 100,000 KZT"
100000003148220100,peripheral,0.15,10,0.06103716743181442,Limited observed connectivity; no stronger structural role signal.
100000003149149100,terminal,0.5745,1,0.12168929254421744,"No observed outgoing edges; receives 245,000 KZT"
100000003152964100,peripheral,0.15,1,0.04957834670001775,Limited observed connectivity; no stronger structural role signal.
100000003154105100,distributor,0.1582516170505282,1,0.19479202219363345,"Distributes to 7 receivers; outgoing flow 338,000 KZT"
100000003157333100,terminal,0.553,1,0.11267069547359031,"No observed outgoing edges; receives 30,000 KZT"
100000003157679100,consolidator,0.3361222222222222,1,0.2099218956140454,Receives from 4 senders; retains 100% of observed flow
100000003158727100,consolidator,0.2849704444444444,1,0.1998964177960443,Receives from 3 senders; retains 100% of observed flow
100000003159641100,peripheral,0.15,1,0.05217117195393672,Limited observed connectivity; no stronger structural role signal.
100000003163256100,transit,0.3820855564563263,1,0.15358848270190367,Pass-through ratio 1.11; 1 in / 1 out counterparties
100000003163886100,terminal,0.6000000000000001,1,0.14388242042372495,"No observed outgoing edges; receives 500,000 KZT"
100000003164661100,terminal,0.60962,6,0.14439491396995546,"No observed outgoing edges; receives 596,200 KZT"
100000003166017100,peripheral,0.15,1,0.03573719412139963,"No outgoing edge, but node is at depth 4; terminal status is obscured by graph boundary."
100000003166755100,terminal,0.552401,1,0.11237115083667161,"No observed outgoing edges; receives 24,010 KZT"
100000003171006100,consolidator,0.2692777777777778,1,0.20405071412598644,Receives from 2 senders; retains 100% of observed flow
100000003171587100,consolidator,0.20313412698412697,1,0.21929958194826055,Receives from 2 senders; retains 38% of observed flow
100000003173783100,peripheral,0.15,1,0.03728059434417495,"No outgoing edge, but node is at depth 4; terminal status is obscured by graph boundary."
100000003177533100,peripheral,0.15,1,0.03696403616102103,"No outgoing edge, but node is at depth 4; terminal status is obscured by graph boundary."
100000003178549100,consolidator,0.18710755555555555,1,0.2050818600920511,Receives from 2 senders; retains 64% of observed flow
100000003180305100,peripheral,0.15,1,0.045595505820009645,"No outgoing edge, but node is at depth 4; terminal status is obscured by graph boundary."
100000003180820100,peripheral,0.15,1,0.03895469662297781,"No outgoing edge, but node is at depth 4; terminal status is obscured by graph boundary."
100000003186579100,peripheral,0.15,1,0.04410371786667301,"No outgoing edge, but node is at depth 4; terminal status is obscured by graph boundary."
100000003187359100,terminal,0.5519072,4,0.11217110012766132,"No observed outgoing edges; receives 19,072 KZT"
100000003188607100,peripheral,0.15,1,0.04411095589506319,Limited observed connectivity; no stronger structural role signal.
100000003190207100,peripheral,0.15,1,0.04660114081556114,Limited observed connectivity; no stronger structural role signal.
100000003191430100,terminal,0.5680000000000001,1,0.12521237473795166,"No observed outgoing edges; receives 180,000 KZT"
100000003192220100,terminal,0.556,1,0.1194876616816074,"No observed outgoing edges; receives 60,000 KZT"
100000003192309100,peripheral,0.15,4,0.04512884404892436,Limited observed connectivity; no stronger structural role signal.
100000003194831100,peripheral,0.15,1,0.035419810838487366,"No outgoing edge, but node is at depth 4; terminal status is obscured by graph boundary."
100000003199390100,peripheral,0.15,1,0.04632324584022256,"No outgoing edge, but node is at depth 4; terminal status is obscured by graph boundary."
100000003200071100,peripheral,0.15,13,0.04152133225484215,Limited observed connectivity; no stronger structural role signal.
100000003204491100,transit,0.03535108958837775,1,0.15985735811648805,Pass-through ratio 0.71; 1 in / 1 out counterparties
100000003205210100,terminal,0.5637563000000001,1,0.11772722817939013,"No observed outgoing edges; receives 137,563 KZT"
100000003207060100,peripheral,0.15,1,0.04012565536559244,"No outgoing edge, but node is at depth 4; terminal status is obscured by graph boundary."
100000003213473100,distributor,0.24099302464323935,1,0.19156920189430832,"Distributes to 11 receivers; outgoing flow 240,000 KZT"
100000003214786100,peripheral,0.15,1,0.03826555837290703,"No outgoing edge, but node is at depth 4; terminal status is obscured by graph boundary."
100000003215448100,peripheral,0.15,1,0.04978251487211364,Limited observed connectivity; no stronger structural role signal.
100000003216073100,peripheral,0.15,1,0.04475039895509717,Limited observed connectivity; no stronger structural role signal.
100000003218308100,terminal,0.5511165,1,0.11175296728241946,"No observed outgoing edges; receives 11,165 KZT"
100000003219438100,terminal,0.5532,1,0.11684937858611956,"No observed outgoing edges; receives 32,000 KZT"
100000003220685100,peripheral,0.15,1,0.08696753658425242,"No outgoing edge, but node is at depth 4; terminal status is obscured by graph boundary."
100000003221384100,terminal,0.6011200000000001,1,0.13684588581513596,"No observed outgoing edges; receives 511,200 KZT"
100000003221510100,peripheral,0.15,1,0.046491785465841005,Limited observed connectivity; no stronger structural role signal.
100000003230328100,consolidator,0.24324768888888887,1,0.15865888984078083,Receives from 3 senders; retains 100% of observed flow
100000003230329100,peripheral,0.15,1,0.03929992130946904,"No outgoing edge, but node is at depth 4; terminal status is obscured by graph boundary."
100000003232675100,peripheral,0.15,1,0.03921742478067457,"No outgoing edge, but node is at depth 4; terminal status is obscured by graph boundary."
100000003235780100,consolidator,0.21794444444444444,1,0.185398936937258,Receives from 2 senders; retains 100% of observed flow
100000003237045100,peripheral,0.15,1,0.0608216474722824,Limited observed connectivity; no stronger structural role signal.
100000003239379100,terminal,0.55925,1,0.11552905318755427,"No observed outgoing edges; receives 92,500 KZT"
100000003239859100,terminal,0.55186,1,0.11212736288923905,"No observed outgoing edges; receives 18,600 KZT"
100000003241965100,terminal,0.5515,1,0.1120430695046228,"No observed outgoing edges; receives 15,000 KZT"
100000003242289100,distributor,0.3899064723930929,1,0.26660274605798223,"Distributes to 23 receivers; outgoing flow 2,377,741 KZT"
100000003242795100,terminal,0.5611,1,0.11599122634881218,"No observed outgoing edges; receives 111,000 KZT"
100000003246024100,peripheral,0.15,1,0.07279682856501993,Limited observed connectivity; no stronger structural role signal.
100000003247600100,peripheral,0.15,1,0.04954157696102678,"No outgoing edge, but node is at depth 4; terminal status is obscured by graph boundary."
100000003249054100,consolidator,0.34961785244622756,1,0.19894357120390255,Receives from 7 senders; retains 85% of observed flow
100000003252446100,peripheral,0.15,1,0.03924915073272244,"No outgoing edge, but node is at depth 4; terminal status is obscured by graph boundary."
100000003254277100,transit,0.4359260024803637,1,0.15536160498751025,Pass-through ratio 0.91; 1 in / 1 out counterparties
100000003254723100,terminal,0.5769850000000001,1,0.1289383325850676,"No observed outgoing edges; receives 269,850 KZT"
100000003265158100,transit,0.5060719749302648,1,0.16928186012104213,Pass-through ratio 1.06; 3 in / 2 out counterparties
100000003265658100,terminal,0.55,14,0.11000000000000001,No observed outgoing edges; receives 0 KZT
100000003270419100,terminal,0.5650000000000001,1,0.13191499052111508,"No observed outgoing edges; receives 150,000 KZT"
100000003271151100,terminal,0.5627294,1,0.11725606418858225,"No observed outgoing edges; receives 127,294 KZT"
100000003275398100,peripheral,0.15,7,0.059116223116761256,Limited observed connectivity; no stronger structural role signal.
100000003278020100,terminal,0.5690000000000001,1,0.12021279270664958,"No observed outgoing edges; receives 190,000 KZT"
100000003284932100,terminal,0.5569925,1,0.11455287351190678,"No observed outgoing edges; receives 69,925 KZT"
100000003286537100,consolidator,0.2287,1,0.18932595301351793,Receives from 2 senders; retains 100% of observed flow
100000003289281100,peripheral,0.15,1,0.043444855362729816,"No outgoing edge, but node is at depth 4; terminal status is obscured by graph boundary."
100000003289405100,terminal,0.5855,1,0.12746826962330793,"No observed outgoing edges; receives 355,000 KZT"
100000003292191100,terminal,0.5612,1,0.1163077175485852,"No observed outgoing edges; receives 112,000 KZT"
100000003292979100,terminal,0.554895,1,0.11448641751149917,"No observed outgoing edges; receives 48,950 KZT"
100000003293377100,terminal,0.555,1,0.11339733054344113,"No observed outgoing edges; receives 50,000 KZT"
100000003299365100,transit,0.6067796610169491,1,0.1635963171733158,Pass-through ratio 1.00; 1 in / 1 out counterparties
100000003321423100,terminal,0.56,1,0.12556590319063796,"No observed outgoing edges; receives 100,000 KZT"
100000003321895100,peripheral,0.15,1,0.05076835214059292,Limited observed connectivity; no stronger structural role signal.
100000003336565100,terminal,0.551655,4,0.11210850790699384,"No observed outgoing edges; receives 16,550 KZT"
100000003338583100,terminal,0.5521765000000001,7,0.11229876451906559,"No observed outgoing edges; receives 21,765 KZT"
100000003345947100,peripheral,0.15,1,0.04256753102819416,"No outgoing edge, but node is at depth 4; terminal status is obscured by graph boundary."
100000003349739100,terminal,0.55,15,0.11000000000000001,No observed outgoing edges; receives 0 KZT
100000003360542100,consolidator,0.22423340343498072,1,0.22950043140471177,Receives from 2 senders; retains 84% of observed flow
100000003366154100,distributor,0.07199926717719252,1,0.18438894327203045,"Distributes to 3 receivers; outgoing flow 289,170 KZT"
100000003366471100,consolidator,0.2412108189623938,1,0.20001226236642494,Receives from 2 senders; retains 94% of observed flow
100000003370425100,peripheral,0.15,1,0.043880391170992364,"No outgoing edge, but node is at depth 4; terminal status is obscured by graph boundary."
100000003377795100,terminal,0.5507000000000001,1,0.11157343137276413,"No observed outgoing edges; receives 7,000 KZT"
100000003390036100,consolidator,0.19806247730220494,1,0.22383190679157275,Receives from 2 senders; retains 73% of observed flow
100000003404627100,consolidator,0.37727444444444447,1,0.2503720267068031,Receives from 4 senders; retains 100% of observed flow
100000003406094100,distributor,0.06620859161975302,1,0.19198188316227457,"Distributes to 3 receivers; outgoing flow 47,000 KZT"
100000003447411100,peripheral,0.15,1,0.04622972475558874,"No outgoing edge, but node is at depth 4; terminal status is obscured by graph boundary."
100000003448713100,peripheral,0.15,1,0.044928367557225526,"No outgoing edge, but node is at depth 4; terminal status is obscured by graph boundary."
100000003449074100,terminal,0.551,1,0.11173719602999418,"No observed outgoing edges; receives 10,000 KZT"
100000003457710100,peripheral,0.15,1,0.06763912326317194,Limited observed connectivity; no stronger structural role signal.
100000003470579100,peripheral,0.15,1,0.05404390991050658,"No outgoing edge, but node is at depth 4; terminal status is obscured by graph boundary."
100000003476560100,terminal,0.555,1,0.11361776282339432,"No observed outgoing edges; receives 50,000 KZT"
100000003481025100,peripheral,0.15,1,0.040880003763646915,"No outgoing edge, but node is at depth 4; terminal status is obscured by graph boundary."
100000003484058100,peripheral,0.15,1,0.04831402529836935,Limited observed connectivity; no stronger structural role signal.
100000003486846100,peripheral,0.15,1,0.041520031493562023,"No outgoing edge, but node is at depth 4; terminal status is obscured by graph boundary."
100000003486970100,terminal,0.5650000000000001,1,0.11764961874896745,"No observed outgoing edges; receives 150,000 KZT"
100000003497735100,terminal,0.5625,1,0.11704167644360143,"No observed outgoing edges; receives 125,000 KZT"
100000003500764100,peripheral,0.15,1,0.04128642519804736,"No outgoing edge, but node is at depth 4; terminal status is obscured by graph boundary."
100000003509750100,distributor,0.06950178918006836,1,0.2185584490599399,"Distributes to 3 receivers; outgoing flow 78,400 KZT"
100000003528285100,distributor,0.103273055986244,1,0.1947320678824421,"Distributes to 4 receivers; outgoing flow 548,000 KZT"
100000003557488100,peripheral,0.15,1,0.0807663134172194,Limited observed connectivity; no stronger structural role signal.
100000003561031100,peripheral,0.15,1,0.04353038858038141,Limited observed connectivity; no stronger structural role signal.
100000003567087100,terminal,0.5562115000000001,4,0.11420208716776326,"No observed outgoing edges; receives 62,115 KZT"
100000003568904100,peripheral,0.15,1,0.04231257558990167,"No outgoing edge, but node is at depth 4; terminal status is obscured by graph boundary."
100000003574895100,transit,0.036985610673699626,1,0.15423699326426743,Pass-through ratio 0.72; 1 in / 1 out counterparties
100000003581109100,terminal,0.5542750000000001,1,0.1131158914101762,"No observed outgoing edges; receives 42,750 KZT"
100000003582677100,distributor,0.08896616902692535,1,0.18252457571216527,"Distributes to 4 receivers; outgoing flow 56,000 KZT"
100000003589877100,distributor,0.1401198075391403,1,0.19313004626947042,"Distributes to 6 receivers; outgoing flow 416,129 KZT"
100000003594472100,terminal,0.552,1,0.11233800064891392,"No observed outgoing edges; receives 20,000 KZT"
100000003603979100,terminal,0.5665,7,0.1260296966715808,"No observed outgoing edges; receives 165,000 KZT"
100000003610172100,terminal,0.557,1,0.1142477881845464,"No observed outgoing edges; receives 70,000 KZT"
100000003616818100,distributor,0.07336829716056953,7,0.18888704689853902,"Distributes to 3 receivers; outgoing flow 240,100 KZT"
100000003617552100,terminal,0.5525,6,0.11928674887451596,"No observed outgoing edges; receives 25,000 KZT"
100000003622955100,peripheral,0.15,1,0.05902770634966455,"No outgoing edge, but node is at depth 4; terminal status is obscured by graph boundary."
100000003626268100,peripheral,0.15,1,0.040735290315801,"No outgoing edge, but node is at depth 4; terminal status is obscured by graph boundary."
100000003631015100,peripheral,0.15,1,0.045321490704434676,"No outgoing edge, but node is at depth 4; terminal status is obscured by graph boundary."
100000003632533100,peripheral,0.15,1,0.038636187739501206,"No outgoing edge, but node is at depth 4; terminal status is obscured by graph boundary."
100000003635170100,distributor,0.09495989922857412,1,0.21800160844181055,"Distributes to 4 receivers; outgoing flow 253,500 KZT"
100000003635660100,terminal,0.5518985000000001,1,0.11219242118025419,"No observed outgoing edges; receives 18,985 KZT"
100000003636627100,peripheral,0.15,1,0.09024850582312256,Limited observed connectivity; no stronger structural role signal.
100000003646145100,peripheral,0.15,1,0.04347704102809712,"No outgoing edge, but node is at depth 4; terminal status is obscured by graph boundary."
100000003647799100,terminal,0.56,1,0.11552347464620429,"No observed outgoing edges; receives 100,000 KZT"
100000003650146100,terminal,0.55144,1,0.11225368127630851,"No observed outgoing edges; receives 14,400 KZT"
100000003664994100,peripheral,0.15,1,0.04941915575520122,"No outgoing edge, but node is at depth 4; terminal status is obscured by graph boundary."
100000003671721100,terminal,0.5505,1,0.11865550783232003,"No observed outgoing edges; receives 5,000 KZT"
100000003677936100,peripheral,0.15,1,0.046542900655965974,Limited observed connectivity; no stronger structural role signal.
100000003684369100,coordinator,0.5362665243829012,1,0.6253405460611801,Centrality 0.28; 86 counterparties
100000003692843100,peripheral,0.15,1,0.058591653019322114,"No outgoing edge, but node is at depth 4; terminal status is obscured by graph boundary."
100000003696422100,peripheral,0.15,1,0.04870399850267772,"No outgoing edge, but node is at depth 4; terminal status is obscured by graph boundary."
100000003701161100,consolidator,0.4223653268727271,1,0.2948136900220206,Receives from 4 senders; retains 77% of observed flow
100000003711830100,terminal,0.555,1,0.11362199549212748,"No observed outgoing edges; receives 50,000 KZT"
100000003713616100,terminal,0.5515893000000001,1,0.11197835999111153,"No observed outgoing edges; receives 15,893 KZT"
100000003718221100,distributor,0.097753687164428,1,0.21630784417682586,"Distributes to 4 receivers; outgoing flow 423,500 KZT"
100000003718715100,peripheral,0.15,1,0.07396599491954242,"No outgoing edge, but node is at depth 4; terminal status is obscured by graph boundary."
100000003724440100,consolidator,0.2161111111111111,1,0.18521748921805656,Receives from 2 senders; retains 100% of observed flow
100000003736419100,peripheral,0.15,1,0.04407738164128211,Limited observed connectivity; no stronger structural role signal.
100000003739818100,terminal,0.5557293000000001,1,0.11396003445457734,"No observed outgoing edges; receives 57,293 KZT"
100000003741418100,consolidator,0.39914488406115134,1,0.21191163634308346,Receives from 9 senders; retains 74% of observed flow
100000003747133100,transit,0.514629314681363,1,0.17489680228129928,Pass-through ratio 1.05; 5 in / 2 out counterparties
100000003760160100,terminal,0.560447,1,0.11571355192899133,"No observed outgoing edges; receives 104,470 KZT"
100000003770083100,terminal,0.55,16,0.11000000000000001,No observed outgoing edges; receives 0 KZT
100000003781406100,terminal,0.5545,1,0.12463411490529858,"No observed outgoing edges; receives 45,000 KZT"
100000003782913100,peripheral,0.15,1,0.04247341173855118,"No outgoing edge, but node is at depth 4; terminal status is obscured by graph boundary."
100000003786516100,peripheral,0.15,1,0.035427094483582215,"No outgoing edge, but node is at depth 4; terminal status is obscured by graph boundary."
100000003792647100,peripheral,0.15,1,0.03792505188651622,"No outgoing edge, but node is at depth 4; terminal status is obscured by graph boundary."
100000003795588100,terminal,0.5900000000000001,1,0.12887163310431313,"No observed outgoing edges; receives 400,000 KZT"
100000003796063100,distributor,0.34327380759937987,1,0.2299846596254745,"Distributes to 15 receivers; outgoing flow 959,150 KZT"
100000003798151100,terminal,0.5850000000000001,1,0.13346958269771442,"No observed outgoing edges; receives 350,000 KZT"
100000003809101100,consolidator,0.18043050135501354,1,0.1966979249514822,Receives from 2 senders; retains 67% of observed flow
100000003814002100,terminal,0.553,1,0.11254687290233588,"No observed outgoing edges; receives 30,000 KZT"
100000003819173100,peripheral,0.15,1,0.040388458372705834,"No outgoing edge, but node is at depth 4; terminal status is obscured by graph boundary."
100000003823811100,distributor,0.06666602079518275,1,0.1808418016316818,"Distributes to 3 receivers; outgoing flow 66,130 KZT"
100000003824464100,terminal,0.5700000000000001,1,0.12059526267496498,"No observed outgoing edges; receives 200,000 KZT"
100000003831201100,terminal,0.55405,1,0.11949365821578047,"No observed outgoing edges; receives 40,500 KZT"
100000003831324100,consolidator,0.24666666666666665,1,0.19582200419538362,Receives from 2 senders; retains 100% of observed flow
100000003832231100,terminal,0.5535,1,0.11291378990857942,"No observed outgoing edges; receives 35,000 KZT"
100000003834495100,consolidator,0.30865193702308147,1,0.21921184701065705,Receives from 3 senders; retains 97% of observed flow
100000003835149100,peripheral,0.15,1,0.09789940578954723,Limited observed connectivity; no stronger structural role signal.
100000003838587100,peripheral,0.15,1,0.04130976894032055,"No outgoing edge, but node is at depth 4; terminal status is obscured by graph boundary."
100000003843844100,peripheral,0.15,1,0.04570515263931988,Limited observed connectivity; no stronger structural role signal.
100000003854444100,distributor,0.35461229992790594,1,0.23990601237647857,"Distributes to 14 receivers; outgoing flow 2,322,909 KZT"
100000003865939100,terminal,0.5581465,17,0.12104975699863062,"No observed outgoing edges; receives 81,465 KZT"
100000003873332100,distributor,0.09319465380155516,1,0.19475818628464933,"Distributes to 4 receivers; outgoing flow 286,000 KZT"
100000003877908100,terminal,0.554,1,0.11314844754685106,"No observed outgoing edges; receives 40,000 KZT"
100000003880331100,distributor,0.41498282221337357,1,0.23993475389594404,"Distributes to 16 receivers; outgoing flow 3,904,908 KZT"
100000003886323100,consolidator,0.2048739464947293,1,0.22736541818121567,Receives from 2 senders; retains 90% of observed flow
100000003888197100,terminal,0.5583167,1,0.11480768697256805,"No observed outgoing edges; receives 83,167 KZT"
100000003888271100,peripheral,0.15,5,0.04469379381827953,Limited observed connectivity; no stronger structural role signal.
100000003888527100,terminal,0.553,1,0.11465188880810591,"No observed outgoing edges; receives 30,000 KZT"
100000003896956100,peripheral,0.15,1,0.04358391269124761,Limited observed connectivity; no stronger structural role signal.
100000003899325100,terminal,0.5550120000000001,1,0.11365058458833029,"No observed outgoing edges; receives 50,120 KZT"
100000003899899100,consolidator,0.22984056699720312,1,0.2030043715173491,Receives from 2 senders; retains 95% of observed flow
100000003900547100,terminal,0.55237,1,0.11232573958641981,"No observed outgoing edges; receives 23,700 KZT"
100000003904497100,peripheral,0.15,1,0.036678141376770376,"No outgoing edge, but node is at depth 4; terminal status is obscured by graph boundary."
100000003917461100,peripheral,0.15,1,0.04871834229980233,Limited observed connectivity; no stronger structural role signal.
100000003920950100,terminal,0.5823290000000001,1,0.1275318617224446,"No observed outgoing edges; receives 323,290 KZT"
100000003922499100,terminal,0.555,1,0.11991334764417601,"No observed outgoing edges; receives 50,000 KZT"
100000003923946100,distributor,0.10249627163961919,1,0.1964966601846637,"Distributes to 4 receivers; outgoing flow 675,000 KZT"
100000003927792100,terminal,0.5513067,1,0.1119249121776225,"No observed outgoing edges; receives 13,067 KZT"
100000003934614100,consolidator,0.11060718954248365,1,0.18535243332187215,Receives from 2 senders; retains 32% of observed flow
100000003942602100,transit,0.6067796610169491,4,0.15420807084576657,Pass-through ratio 1.00; 1 in / 1 out counterparties
100000003943247100,terminal,0.554,1,0.11299722617822018,"No observed outgoing edges; receives 40,000 KZT"
100000003943483100,terminal,0.551,1,0.11282786089976128,"No observed outgoing edges; receives 10,000 KZT"
100000003946524100,transit,0.4491866163063475,1,0.16492477519498522,Pass-through ratio 1.08; 2 in / 2 out counterparties
100000003950749100,peripheral,0.15,1,0.037531662168957564,"No outgoing edge, but node is at depth 4; terminal status is obscured by graph boundary."
100000003951827100,peripheral,0.15,1,0.04436582268559117,Limited observed connectivity; no stronger structural role signal.
100000003962994100,terminal,0.551,1,0.11682769808834574,"No observed outgoing edges; receives 10,000 KZT"
100000003964910100,consolidator,0.3322222222222222,1,0.23009269105816,Receives from 2 senders; retains 100% of observed flow
100000003968044100,distributor,0.07252125771036717,1,0.1807147762912414,"Distributes to 3 receivers; outgoing flow 311,000 KZT"
100000003970394100,terminal,0.5585,1,0.11518382074861835,"No observed outgoing edges; receives 85,000 KZT"
100000003971049100,terminal,0.55559,1,0.1138290556362898,"No observed outgoing edges; receives 55,900 KZT"
100000003975102100,peripheral,0.15,1,0.0472925519564696,Limited observed connectivity; no stronger structural role signal.
100000003977183100,distributor,0.10594341495244067,1,0.19040509577302833,"Distributes to 4 receivers; outgoing flow 766,000 KZT"
100000003980083100,terminal,0.553,13,0.11890513185443198,"No observed outgoing edges; receives 30,000 KZT"
100000003985389100,peripheral,0.15,1,0.05462539068292037,"No outgoing edge, but node is at depth 4; terminal status is obscured by graph boundary."
100000003986141100,terminal,0.550528632,1,0.11152501648667795,"No observed outgoing edges; receives 5,286 KZT"
100000003988112100,peripheral,0.15,1,0.052662131150907864,Limited observed connectivity; no stronger structural role signal.
100000003989033100,peripheral,0.15,1,0.05530325431406558,"No outgoing edge, but node is at depth 4; terminal status is obscured by graph boundary."
100000003996562100,terminal,0.5507700000000001,1,0.11271122981981699,"No observed outgoing edges; receives 7,700 KZT"
100000004004621100,consolidator,0.24921421111111108,1,0.18735455630069997,Receives from 3 senders; retains 100% of observed flow
100000004005964100,consolidator,0.14164890591306323,7,0.1954402177207742,Receives from 3 senders; retains 26% of observed flow
100000004006327100,peripheral,0.15,1,0.051722029965260714,"No outgoing edge, but node is at depth 4; terminal status is obscured by graph boundary."
100000004007116100,consolidator,0.3044329815309221,7,0.2309947954018051,Receives from 3 senders; retains 81% of observed flow
100000004007197100,terminal,0.5510048000000001,7,0.11174557672469537,"No observed outgoing edges; receives 10,048 KZT"
100000004013952100,peripheral,0.15,1,0.04080325876497555,"No outgoing edge, but node is at depth 4; terminal status is obscured by graph boundary."
100000004015047100,consolidator,0.5210421416579626,1,0.2843262705577676,Receives from 9 senders; retains 92% of observed flow
100000004017410100,distributor,0.1407226308044038,1,0.2209661063903474,"Distributes to 5 receivers; outgoing flow 1,330,915 KZT"
100000004019056100,peripheral,0.15,1,0.04255320455553786,"No outgoing edge, but node is at depth 4; terminal status is obscured by graph boundary."
100000004019124100,consolidator,0.2635888888888889,1,0.21595263865797276,Receives from 3 senders; retains 100% of observed flow
100000004021459100,terminal,0.55,18,0.11000000000000001,No observed outgoing edges; receives 0 KZT
100000004030553100,peripheral,0.15,1,0.04303628777985324,"No outgoing edge, but node is at depth 4; terminal status is obscured by graph boundary."
100000004035925100,peripheral,0.15,1,0.07840250759203488,"No outgoing edge, but node is at depth 4; terminal status is obscured by graph boundary."
100000004041163100,peripheral,0.15,1,0.10077105171422333,Limited observed connectivity; no stronger structural role signal.
100000004041294100,peripheral,0.15,1,0.036052291230037295,"No outgoing edge, but node is at depth 4; terminal status is obscured by graph boundary."
100000004047887100,peripheral,0.15,1,0.03619771912566121,"No outgoing edge, but node is at depth 4; terminal status is obscured by graph boundary."
100000004049912100,peripheral,0.15,1,0.0363052447548873,"No outgoing edge, but node is at depth 4; terminal status is obscured by graph boundary."
100000004058740100,terminal,0.553,4,0.11268673859092443,"No observed outgoing edges; receives 30,000 KZT"
100000004064431100,peripheral,0.15,7,0.04386982433182619,Limited observed connectivity; no stronger structural role signal.
100000004066370100,peripheral,0.15,1,0.04416577426398571,"No outgoing edge, but node is at depth 4; terminal status is obscured by graph boundary."
100000004066647100,terminal,0.5551,1,0.11362554636187075,"No observed outgoing edges; receives 51,000 KZT"
100000004070318100,distributor,0.34243315142637476,1,0.24785206150357442,"Distributes to 19 receivers; outgoing flow 551,860 KZT"
100000004070530100,peripheral,0.15,1,0.03582531557529956,"No outgoing edge, but node is at depth 4; terminal status is obscured by graph boundary."
100000004071070100,consolidator,0.19305989159891598,1,0.20926731764715378,Receives from 2 senders; retains 85% of observed flow
100000004071080100,consolidator,0.41992919623731023,1,0.23324423999038146,Receives from 9 senders; retains 81% of observed flow
100000004071444100,peripheral,0.15,1,0.05458087798984111,Limited observed connectivity; no stronger structural role signal.
100000004076740100,distributor,0.13442962971355157,1,0.20561234211632243,"Distributes to 6 receivers; outgoing flow 125,000 KZT"
100000004077081100,distributor,0.10106157480084324,1,0.1893743733480408,"Distributes to 4 receivers; outgoing flow 615,000 KZT"
100000004094958100,transit,0.555497609734898,19,0.1572861669917919,Pass-through ratio 1.03; 1 in / 1 out counterparties
100000004096559100,terminal,0.55462,1,0.13134873822573356,"No observed outgoing edges; receives 46,200 KZT"
100000004097972100,peripheral,0.15,1,0.0503074377011499,Limited observed connectivity; no stronger structural role signal.
100000004099450100,terminal,0.5531,1,0.11284136452381294,"No observed outgoing edges; receives 31,000 KZT"
100000004105288100,consolidator,0.23627777777777778,1,0.19616372362935006,Receives from 2 senders; retains 100% of observed flow
100000004107228100,peripheral,0.15,1,0.035327708159592096,"No outgoing edge, but node is at depth 4; terminal status is obscured by graph boundary."
100000004114962100,consolidator,0.23016666666666666,1,0.20060143280191217,Receives from 2 senders; retains 100% of observed flow
100000004130144100,terminal,0.5700000000000001,1,0.11990675592885343,"No observed outgoing edges; receives 200,000 KZT"
100000004134060100,terminal,0.5588179000000001,1,0.11606062808178368,"No observed outgoing edges; receives 88,179 KZT"
100000004135268100,distributor,0.09027232850578479,12,0.2745668896962254,"Distributes to 3 receivers; outgoing flow 1,000,200 KZT"
100000004140487100,distributor,0.2202622406785003,1,0.1927295898688128,"Distributes to 10 receivers; outgoing flow 262,600 KZT"
100000004140994100,terminal,0.551865,4,0.11212482540510169,"No observed outgoing edges; receives 18,650 KZT"
100000004144536100,consolidator,0.2905333333333333,7,0.21002797315706193,Receives from 4 senders; retains 100% of observed flow
100000004150593100,distributor,0.25608519848067296,1,0.19914837637457306,"Distributes to 11 receivers; outgoing flow 871,165 KZT"
100000004156082100,distributor,0.3948711073370798,1,0.2938177362831546,"Distributes to 26 receivers; outgoing flow 2,319,556 KZT"
100000004158362100,terminal,0.5512,1,0.11192394457888528,"No observed outgoing edges; receives 12,000 KZT"
100000004159526100,consolidator,0.26652971398430025,1,0.2187436630144941,Receives from 4 senders; retains 75% of observed flow
100000004160650100,distributor,0.2508784054085197,7,0.203093205862276,"Distributes to 10 receivers; outgoing flow 1,489,827 KZT"
100000004167082100,peripheral,0.15,1,0.037769851953052616,"No outgoing edge, but node is at depth 4; terminal status is obscured by graph boundary."
100000004174835100,terminal,0.55,20,0.11000000000000001,No observed outgoing edges; receives 0 KZT
100000004177936100,peripheral,0.15,1,0.03658325139897363,"No outgoing edge, but node is at depth 4; terminal status is obscured by graph boundary."
100000004180097100,consolidator,0.18443469273423574,1,0.2126324406031761,Receives from 3 senders; retains 54% of observed flow
100000004183610100,peripheral,0.15,1,0.05286609540120443,Limited observed connectivity; no stronger structural role signal.
100000004184158100,terminal,0.5703805000000001,1,0.12023883402138337,"No observed outgoing edges; receives 203,805 KZT"
100000004185681100,terminal,0.551,1,0.11824796501453794,"No observed outgoing edges; receives 10,000 KZT"
100000004186824100,consolidator,0.2628832260841758,1,0.20526257828108393,Receives from 2 senders; retains 98% of observed flow
100000004188160100,distributor,0.11209877896945916,1,0.22505919584017464,"Distributes to 5 receivers; outgoing flow 133,846 KZT"
100000004192107100,terminal,0.5525,1,0.11267366908417922,"No observed outgoing edges; receives 25,000 KZT"
100000004192865100,terminal,0.5566666,6,0.12114818086338586,"No observed outgoing edges; receives 66,666 KZT"
100000004193835100,peripheral,0.15,1,0.04949711712309985,Limited observed connectivity; no stronger structural role signal.
100000004200745100,peripheral,0.15,1,0.04672867278784691,"No outgoing edge, but node is at depth 4; terminal status is obscured by graph boundary."
100000004206046100,terminal,0.5511075000000001,1,0.111763978680724,"No observed outgoing edges; receives 11,075 KZT"
100000004209339100,peripheral,0.15,1,0.06595119515431436,Limited observed connectivity; no stronger structural role signal.
100000004213658100,terminal,0.5525347,4,0.11246718645242121,"No observed outgoing edges; receives 25,347 KZT"
100000004217419100,consolidator,0.21467509306260574,1,0.1969719235697932,Receives from 2 senders; retains 93% of observed flow
100000004218576100,terminal,0.5526144000000001,4,0.11250479295454609,"No observed outgoing edges; receives 26,144 KZT"
100000004221668100,consolidator,0.3106632376141097,1,0.3157653329419219,Receives from 4 senders; retains 35% of observed flow
100000004222274100,peripheral,0.15,1,0.04143156839562949,"No outgoing edge, but node is at depth 4; terminal status is obscured by graph boundary."
100000004225615100,terminal,0.559,1,0.11524409477469122,"No observed outgoing edges; receives 90,000 KZT"
100000004226848100,terminal,0.5801866,1,0.12543821896757898,"No observed outgoing edges; receives 301,866 KZT"
100000004232712100,peripheral,0.15,1,0.040964904103955695,"No outgoing edge, but node is at depth 4; terminal status is obscured by graph boundary."
100000004235471100,peripheral,0.15,1,0.04286394203540831,"No outgoing edge, but node is at depth 4; terminal status is obscured by graph boundary."
100000004241142100,peripheral,0.15,1,0.041501248960511994,"No outgoing edge, but node is at depth 4; terminal status is obscured by graph boundary."
100000004254434100,terminal,0.5544445,4,0.1133683269512681,"No observed outgoing edges; receives 44,445 KZT"
100000004257714100,terminal,0.555222,4,0.11366137554106433,"No observed outgoing edges; receives 52,220 KZT"
100000004260869100,peripheral,0.15,1,0.04786369353147689,"No outgoing edge, but node is at depth 4; terminal status is obscured by graph boundary."
100000004261340100,peripheral,0.15,1,0.03817867681908746,"No outgoing edge, but node is at depth 4; terminal status is obscured by graph boundary."
100000004263867100,peripheral,0.15,1,0.03550683796166581,"No outgoing edge, but node is at depth 4; terminal status is obscured by graph boundary."
100000004265639100,peripheral,0.15,1,0.041390901167462434,"No outgoing edge, but node is at depth 4; terminal status is obscured by graph boundary."
100000004268036100,peripheral,0.15,1,0.03534104316113099,"No outgoing edge, but node is at depth 4; terminal status is obscured by graph boundary."
100000004269433100,peripheral,0.15,1,0.05271118834178616,Limited observed connectivity; no stronger structural role signal.
100000004272302100,peripheral,0.15,1,0.03548309932373453,"No outgoing edge, but node is at depth 4; terminal status is obscured by graph boundary."
100000004278574100,peripheral,0.15,1,0.044030681877618466,Limited observed connectivity; no stronger structural role signal.
100000004285800100,peripheral,0.15,1,0.04441644678166591,Limited observed connectivity; no stronger structural role signal.
100000004286573100,terminal,0.551659,1,0.11203484059560423,"No observed outgoing edges; receives 16,590 KZT"
100000004291560100,terminal,0.5547190000000001,1,0.11330748182104339,"No observed outgoing edges; receives 47,190 KZT"
100000004291663100,peripheral,0.15,1,0.03653767290780129,"No outgoing edge, but node is at depth 4; terminal status is obscured by graph boundary."
100000004292885100,terminal,0.56127,4,0.11642963744821419,"No observed outgoing edges; receives 112,700 KZT"
100000004299488100,consolidator,0.5141784162378502,1,0.297183858200883,Receives from 6 senders; retains 80% of observed flow
100000004315838100,consolidator,0.1621111111111111,1,0.1865971322355145,Receives from 2 senders; retains 64% of observed flow
100000004318918100,terminal,0.5575600000000001,1,0.11472276062148808,"No observed outgoing edges; receives 75,600 KZT"
100000004321983100,peripheral,0.15,1,0.045594078629902744,Limited observed connectivity; no stronger structural role signal.
100000004325327100,transit,0.5870959357407957,1,0.158258852597267,Pass-through ratio 0.99; 2 in / 1 out counterparties
100000004326224100,peripheral,0.15,1,0.04277247019528373,"No outgoing edge, but node is at depth 4; terminal status is obscured by graph boundary."
100000004330371100,consolidator,0.19079762265312997,1,0.227885606860574,Receives from 2 senders; retains 66% of observed flow
100000004331458100,consolidator,0.24055555555555555,19,0.2202239770439934,Receives from 2 senders; retains 100% of observed flow
100000004336228100,terminal,0.5551407,1,0.11368814725883528,"No observed outgoing edges; receives 51,407 KZT"
100000004336312100,transit,0.22398338358810638,1,0.17207544938162017,Pass-through ratio 0.80; 3 in / 2 out counterparties
100000004340038100,peripheral,0.15,1,0.04378478009540466,Limited observed connectivity; no stronger structural role signal.
100000004350094100,peripheral,0.15,1,0.04937312162001139,"No outgoing edge, but node is at depth 4; terminal status is obscured by graph boundary."
100000004351795100,distributor,0.3426224372363885,1,0.2521370343697607,"Distributes to 14 receivers; outgoing flow 1,715,161 KZT"
100000004356593100,peripheral,0.15,1,0.045237402400851966,Limited observed connectivity; no stronger structural role signal.
100000004358004100,distributor,0.2574367574193473,1,0.19216156824155528,"Distributes to 11 receivers; outgoing flow 980,850 KZT"
100000004360785100,terminal,0.5594705000000001,1,0.11548517191187967,"No observed outgoing edges; receives 94,705 KZT"
100000004368189100,peripheral,0.15,1,0.06060312334395964,Limited observed connectivity; no stronger structural role signal.
100000004377043100,peripheral,0.15,1,0.037023596888559336,"No outgoing edge, but node is at depth 4; terminal status is obscured by graph boundary."
100000004379306100,peripheral,0.15,1,0.041115415806350315,"No outgoing edge, but node is at depth 4; terminal status is obscured by graph boundary."
100000004386258100,consolidator,0.1502963785341257,1,0.199061199206376,Receives from 3 senders; retains 35% of observed flow
100000004386286100,peripheral,0.15,1,0.042483483298153844,"No outgoing edge, but node is at depth 4; terminal status is obscured by graph boundary."
100000004386331100,transit,0.36016949152542366,1,0.16109679299872828,Pass-through ratio 0.88; 1 in / 2 out counterparties
100000004388209100,terminal,0.55118,4,0.11182797028644158,"No observed outgoing edges; receives 11,800 KZT"
100000004388353100,consolidator,0.21769511111111112,1,0.18661578970093126,Receives from 2 senders; retains 100% of observed flow
100000004388983100,peripheral,0.15,21,0.0463013640599638,Limited observed connectivity; no stronger structural role signal.
100000004390333100,distributor,0.20609428332812454,1,0.19379571715941563,"Distributes to 9 receivers; outgoing flow 506,500 KZT"
100000004394765100,consolidator,0.2933094518837463,1,0.21578310979460602,Receives from 3 senders; retains 86% of observed flow
100000004398811100,distributor,0.08996889290608917,1,0.20322339072968656,"Distributes to 3 receivers; outgoing flow 1,040,672 KZT"
100000004399686100,terminal,0.6306,1,0.15235132719486347,"No observed outgoing edges; receives 806,000 KZT"
100000004400305100,coordinator,0.27327854470750235,1,0.41724367366054116,Centrality 0.15; 89 counterparties
100000004400361100,terminal,0.551,1,0.1117314118812576,"No observed outgoing edges; receives 10,000 KZT"
100000004400480100,peripheral,0.15,1,0.040292611919909155,"No outgoing edge, but node is at depth 4; terminal status is obscured by graph boundary."
100000004403548100,peripheral,0.15,1,0.03709517569788917,"No outgoing edge, but node is at depth 4; terminal status is obscured by graph boundary."
100000004403641100,peripheral,0.15,1,0.041489660587874885,"No outgoing edge, but node is at depth 4; terminal status is obscured by graph boundary."
100000004403675100,distributor,0.11777005827488758,1,0.24977089584256545,"Distributes to 5 receivers; outgoing flow 264,699 KZT"
100000004407753100,peripheral,0.15,1,0.06937142543425996,Limited observed connectivity; no stronger structural role signal.
100000004408683100,consolidator,0.22380129422222222,1,0.1898681055629645,Receives from 2 senders; retains 100% of observed flow
100000004410489100,terminal,0.5554,1,0.1142740704655266,"No observed outgoing edges; receives 54,000 KZT"
100000004417753100,consolidator,0.23347876666666667,1,0.19337337886541567,Receives from 2 senders; retains 100% of observed flow
100000004418967100,peripheral,0.15,1,0.04237168436669612,"No outgoing edge, but node is at depth 4; terminal status is obscured by graph boundary."
100000004420041100,distributor,0.16575579886574576,1,0.19145489356341683,"Distributes to 7 receivers; outgoing flow 651,830 KZT"
100000004424023100,peripheral,0.15,1,0.06382494444112204,Limited observed connectivity; no stronger structural role signal.
100000004433250100,peripheral,0.15,1,0.03583279459875602,"No outgoing edge, but node is at depth 4; terminal status is obscured by graph boundary."
100000004435304100,terminal,0.55262,4,0.11259673462300278,"No observed outgoing edges; receives 26,200 KZT"
100000004441291100,terminal,0.552,1,0.11902054216273796,"No observed outgoing edges; receives 20,000 KZT"
100000004445291100,terminal,0.55195,1,0.11296826010391048,"No observed outgoing edges; receives 19,500 KZT"
100000004449824100,peripheral,0.15,1,0.03550683796166581,"No outgoing edge, but node is at depth 4; terminal status is obscured by graph boundary."
100000004450649100,consolidator,0.19728166746447268,1,0.19616460272872993,Receives from 2 senders; retains 76% of observed flow
100000004451012100,distributor,0.0666566952657307,1,0.18080815407295528,"Distributes to 3 receivers; outgoing flow 65,740 KZT"
100000004456564100,terminal,0.551,1,0.11449389784771666,"No observed outgoing edges; receives 10,000 KZT"
100000004463277100,terminal,0.5535,6,0.12340421425942057,"No observed outgoing edges; receives 35,000 KZT"
100000004467157100,peripheral,0.15,1,0.046087110328895245,Limited observed connectivity; no stronger structural role signal.
100000004472936100,peripheral,0.15,1,0.04075773395445322,"No outgoing edge, but node is at depth 4; terminal status is obscured by graph boundary."
100000004475818100,distributor,0.06637570988985643,1,0.1778724945913094,"Distributes to 3 receivers; outgoing flow 53,989 KZT"
100000004479404100,consolidator,0.36219469764670836,1,0.26535992898794947,Receives from 2 senders; retains 80% of observed flow
100000004480280100,peripheral,0.15,1,0.05376153017273755,Limited observed connectivity; no stronger structural role signal.
100000004486525100,consolidator,0.3214666421473773,1,0.22375745267403632,Receives from 8 senders; retains 25% of observed flow
100000004488265100,terminal,0.5538740000000001,1,0.11309259329374106,"No observed outgoing edges; receives 38,740 KZT"
100000004491749100,terminal,0.555,1,0.11506816979001754,"No observed outgoing edges; receives 50,000 KZT"
100000004491881100,terminal,0.5517144,4,0.11208012730947216,"No observed outgoing edges; receives 17,144 KZT"
100000004493586100,terminal,0.5507500000000001,1,0.11166438018759585,"No observed outgoing edges; receives 7,500 KZT"
100000004494983100,terminal,0.5535,4,0.11292266394929884,"No observed outgoing edges; receives 35,000 KZT"
100000004497606100,terminal,0.5515534000000001,4,0.1120041593440756,"No observed outgoing edges; receives 15,534 KZT"
100000004500444100,consolidator,0.17033333333333334,1,0.19695333624580413,Receives from 2 senders; retains 59% of observed flow
100000004500781100,peripheral,0.15,1,0.046525489909545026,"No outgoing edge, but node is at depth 4; terminal status is obscured by graph boundary."
100000004502048100,peripheral,0.15,1,0.036781422220672225,"No outgoing edge, but node is at depth 4; terminal status is obscured by graph boundary."
100000004508696100,distributor,0.06773893491444737,1,0.1805550999791866,"Distributes to 3 receivers; outgoing flow 111,000 KZT"
100000004509286100,terminal,0.554,1,0.11314844754685106,"No observed outgoing edges; receives 40,000 KZT"
100000004526651100,peripheral,0.15,1,0.036346332325044105,"No outgoing edge, but node is at depth 4; terminal status is obscured by graph boundary."
100000004527381100,peripheral,0.15,1,0.05752888357686098,Limited observed connectivity; no stronger structural role signal.
100000004539443100,consolidator,0.21757655555555555,1,0.2027419122558225,Receives from 2 senders; retains 100% of observed flow
100000004544958100,peripheral,0.15,1,0.07576016329219899,Limited observed connectivity; no stronger structural role signal.
100000004549591100,peripheral,0.15,1,0.040360835630292635,"No outgoing edge, but node is at depth 4; terminal status is obscured by graph boundary."
100000004552204100,peripheral,0.15,1,0.06038520465303827,Limited observed connectivity; no stronger structural role signal.
100000004553349100,terminal,0.5507755000000001,1,0.11197417949048324,"No observed outgoing edges; receives 7,755 KZT"
100000004559194100,terminal,0.5782145000000001,1,0.12382548590503784,"No observed outgoing edges; receives 282,145 KZT"
100000004564736100,terminal,0.5515,1,0.11429162150802863,"No observed outgoing edges; receives 15,000 KZT"
100000004569484100,distributor,0.09135733042488525,1,0.2305672635369968,"Distributes to 4 receivers; outgoing flow 156,000 KZT"
100000004569637100,peripheral,0.15,1,0.04125025715381879,"No outgoing edge, but node is at depth 4; terminal status is obscured by graph boundary."
100000004571634100,peripheral,0.15,1,0.03776741877924644,"No outgoing edge, but node is at depth 4; terminal status is obscured by graph boundary."
100000004573782100,terminal,0.5515,1,0.11253532303661451,"No observed outgoing edges; receives 15,000 KZT"
100000004580202100,distributor,0.06616076839179381,1,0.17777492155521113,"Distributes to 3 receivers; outgoing flow 45,000 KZT"
100000004580254100,consolidator,0.21341488888888888,1,0.18440831096525787,Receives from 2 senders; retains 100% of observed flow
100000004584730100,peripheral,0.15,1,0.037153241498692105,"No outgoing edge, but node is at depth 4; terminal status is obscured by graph boundary."
100000004586598100,peripheral,0.15,1,0.06770945834772343,"No outgoing edge, but node is at depth 4; terminal status is obscured by graph boundary."
100000004587414100,consolidator,0.2752181444444445,1,0.20554817001385053,Receives from 2 senders; retains 100% of observed flow
100000004588479100,terminal,0.5677633000000001,1,0.11917512901188297,"No observed outgoing edges; receives 177,633 KZT"
100000004591973100,peripheral,0.15,1,0.047116937483424146,Limited observed connectivity; no stronger structural role signal.
100000004592467100,terminal,0.5507000000000001,1,0.11159056554568758,"No observed outgoing edges; receives 7,000 KZT"
100000004596284100,peripheral,0.15,1,0.042973889493857824,"No outgoing edge, but node is at depth 4; terminal status is obscured by graph boundary."
100000004601193100,peripheral,0.15,1,0.04515290800254574,"No outgoing edge, but node is at depth 4; terminal status is obscured by graph boundary."
100000004603109100,consolidator,0.5516886446886448,1,0.3794567696602821,Receives from 3 senders; retains 85% of observed flow
100000004610802100,peripheral,0.15,1,0.04782324904626076,"No outgoing edge, but node is at depth 4; terminal status is obscured by graph boundary."
100000004611571100,terminal,0.552255,1,0.11224424134271739,"No observed outgoing edges; receives 22,550 KZT"
100000004613582100,peripheral,0.15,1,0.04987333487073393,Limited observed connectivity; no stronger structural role signal.
100000004616845100,peripheral,0.15,1,0.035868540259545195,"No outgoing edge, but node is at depth 4; terminal status is obscured by graph boundary."
100000004622227100,distributor,0.06553906642832424,1,0.17720401672327873,"Distributes to 3 receivers; outgoing flow 19,000 KZT"
100000004629688100,peripheral,0.15,1,0.045565830156799235,Limited observed connectivity; no stronger structural role signal.
100000004634420100,terminal,0.5526150000000001,4,0.11246811185192086,"No observed outgoing edges; receives 26,150 KZT"
100000004635886100,terminal,0.5523,1,0.11241060426679013,"No observed outgoing edges; receives 23,000 KZT"
100000004644615100,peripheral,0.15,1,0.05144910327994902,Limited observed connectivity; no stronger structural role signal.
100000004652395100,consolidator,0.25240897777777777,1,0.16095722681092026,Receives from 3 senders; retains 100% of observed flow
100000004655046100,peripheral,0.15,1,0.04200262635519125,"No outgoing edge, but node is at depth 4; terminal status is obscured by graph boundary."
100000004657034100,terminal,0.5641250000000001,1,0.1172775435309839,"No observed outgoing edges; receives 141,250 KZT"
100000004659919100,peripheral,0.15,1,0.0593973216410001,Limited observed connectivity; no stronger structural role signal.
100000004662806100,consolidator,0.1387281391977191,1,0.19119664018030375,Receives from 2 senders; retains 44% of observed flow
100000004664515100,terminal,0.5537691,1,0.11302762318376965,"No observed outgoing edges; receives 37,691 KZT"
100000004664905100,consolidator,0.2502135555555556,1,0.1995702415805791,Receives from 2 senders; retains 100% of observed flow
100000004666651100,terminal,0.592925,1,0.1336761498738821,"No observed outgoing edges; receives 429,250 KZT"
100000004670388100,peripheral,0.15,1,0.06282797103465243,Limited observed connectivity; no stronger structural role signal.
100000004671609100,terminal,0.56,1,0.11582377863287903,"No observed outgoing edges; receives 100,000 KZT"
100000004673335100,peripheral,0.15,1,0.042570162498742,"No outgoing edge, but node is at depth 4; terminal status is obscured by graph boundary."
100000004674178100,peripheral,0.15,1,0.03617239921104933,"No outgoing edge, but node is at depth 4; terminal status is obscured by graph boundary."
100000004674389100,peripheral,0.15,1,0.037095691203078894,"No outgoing edge, but node is at depth 4; terminal status is obscured by graph boundary."
100000004674412100,peripheral,0.15,1,0.04126040217531765,"No outgoing edge, but node is at depth 4; terminal status is obscured by graph boundary."
100000004674799100,terminal,0.5640000000000001,1,0.13037374842427962,"No observed outgoing edges; receives 140,000 KZT"
100000004676985100,transit,0.2870028476257527,1,0.1544814151805122,Pass-through ratio 0.84; 1 in / 1 out counterparties
100000004677680100,peripheral,0.15,1,0.06973403176989436,Limited observed connectivity; no stronger structural role signal.
100000004679953100,consolidator,0.2670987952128213,1,0.20942243991816412,Receives from 3 senders; retains 90% of observed flow
100000004687099100,terminal,0.553,1,0.11379945963255103,"No observed outgoing edges; receives 30,000 KZT"
100000004687282100,terminal,0.552,1,0.11333144187425973,"No observed outgoing edges; receives 20,000 KZT"
100000004689658100,peripheral,0.15,1,0.06457541980997517,Limited observed connectivity; no stronger structural role signal.
100000004691350100,peripheral,0.15,1,0.04898203408939827,"No outgoing edge, but node is at depth 4; terminal status is obscured by graph boundary."
100000004692798100,consolidator,0.23000751005204034,1,0.2366450098542075,Receives from 2 senders; retains 94% of observed flow
100000004697956100,transit,0.6067796610169491,1,0.1578377820557153,Pass-through ratio 1.00; 1 in / 1 out counterparties
100000004698193100,consolidator,0.21162391807613629,1,0.21016067591996293,Receives from 2 senders; retains 83% of observed flow
100000004707703100,distributor,0.11443743046311987,1,0.20178462101358574,"Distributes to 5 receivers; outgoing flow 231,650 KZT"
100000004713684100,terminal,0.5537500000000001,1,0.11288934869462379,"No observed outgoing edges; receives 37,500 KZT"
100000004714705100,peripheral,0.15,1,0.04157594742426799,Limited observed connectivity; no stronger structural role signal.
100000004715209100,distributor,0.11600694376321828,1,0.18210674470147156,"Distributes to 5 receivers; outgoing flow 350,450 KZT"
100000004717647100,distributor,0.16118913395836965,1,0.2294844174658904,"Distributes to 5 receivers; outgoing flow 2,240,000 KZT"
100000004722630100,peripheral,0.15,1,0.05173706507563894,"No outgoing edge, but node is at depth 4; terminal status is obscured by graph boundary."
100000004722765100,distributor,0.11971082789910589,1,0.21246686452215172,"Distributes to 3 receivers; outgoing flow 2,284,500 KZT"
100000004723755100,peripheral,0.15,1,0.04206331485219786,Limited observed connectivity; no stronger structural role signal.
100000004726132100,peripheral,0.15,1,0.05841988876902148,Limited observed connectivity; no stronger structural role signal.
100000004732589100,terminal,0.572752,1,0.12359994170362779,"No observed outgoing edges; receives 227,520 KZT"
100000004737477100,transit,0.24329985968543016,1,0.15671640577644308,Pass-through ratio 0.82; 2 in / 1 out counterparties
100000004737764100,terminal,0.6100000000000001,1,0.1465466571190612,"No observed outgoing edges; receives 600,000 KZT"
100000004739664100,transit,0.2734463276836159,4,0.15321514131514008,Pass-through ratio 0.83; 1 in / 1 out counterparties
100000004741837100,terminal,0.5525596,1,0.11241010383807916,"No observed outgoing edges; receives 25,596 KZT"
100000004744306100,peripheral,0.15,1,0.05271378714382717,Limited observed connectivity; no stronger structural role signal.
100000004746397100,peripheral,0.15,1,0.06309238255342901,Limited observed connectivity; no stronger structural role signal.
100000004747154100,peripheral,0.15,1,0.03849827938264699,"No outgoing edge, but node is at depth 4; terminal status is obscured by graph boundary."
100000004750321100,consolidator,0.2161337222222222,1,0.18534204810630267,Receives from 2 senders; retains 100% of observed flow
100000004750897100,terminal,0.551,1,0.1170679551774004,"No observed outgoing edges; receives 10,000 KZT"
100000004756901100,terminal,0.5653248000000001,1,0.11832404927247248,"No observed outgoing edges; receives 153,248 KZT"
100000004759121100,consolidator,0.3508622848200313,1,0.25331881654852,Receives from 6 senders; retains 56% of observed flow
100000004765639100,peripheral,0.15,1,0.0461176151990545,Limited observed connectivity; no stronger structural role signal.
100000004770073100,transit,0.6051064038406162,1,0.15319533792881243,Pass-through ratio 1.00; 1 in / 1 out counterparties
100000004777215100,peripheral,0.15,1,0.04121565178561697,"No outgoing edge, but node is at depth 4; terminal status is obscured by graph boundary."
100000004779204100,peripheral,0.15,1,0.04434409402998193,Limited observed connectivity; no stronger structural role signal.
100000004780083100,peripheral,0.15,1,0.03560920002219567,"No outgoing edge, but node is at depth 4; terminal status is obscured by graph boundary."
100000004780327100,peripheral,0.15,1,0.035648947790695655,"No outgoing edge, but node is at depth 4; terminal status is obscured by graph boundary."
100000004783447100,terminal,0.55262,4,0.11250743531855989,"No observed outgoing edges; receives 26,200 KZT"
100000004784224100,peripheral,0.15,1,0.044863897982717005,Limited observed connectivity; no stronger structural role signal.
100000004788983100,peripheral,0.15,1,0.03791022274247703,"No outgoing edge, but node is at depth 4; terminal status is obscured by graph boundary."
100000004790991100,terminal,0.5739413000000001,1,0.12192408653694332,"No observed outgoing edges; receives 239,413 KZT"
100000004791226100,peripheral,0.15,1,0.04150313549810847,"No outgoing edge, but node is at depth 4; terminal status is obscured by graph boundary."
100000004792397100,terminal,0.5573520000000001,4,0.11474023291021528,"No observed outgoing edges; receives 73,520 KZT"
100000004797167100,peripheral,0.15,1,0.04211919960741762,"No outgoing edge, but node is at depth 4; terminal status is obscured by graph boundary."
100000004798515100,peripheral,0.15,1,0.043912243159686254,"No outgoing edge, but node is at depth 4; terminal status is obscured by graph boundary."
100000004800452100,peripheral,0.15,1,0.042511297347314674,"No outgoing edge, but node is at depth 4; terminal status is obscured by graph boundary."
100000004800648100,peripheral,0.15,1,0.04086529469332331,"No outgoing edge, but node is at depth 4; terminal status is obscured by graph boundary."
100000004806903100,terminal,0.5518000000000001,1,0.11853517480146451,"No observed outgoing edges; receives 18,000 KZT"
100000004813068100,distributor,0.0709153086739748,1,0.1762900028822592,"Distributes to 3 receivers; outgoing flow 297,000 KZT"
100000004816564100,peripheral,0.15,1,0.057187282248713577,Limited observed connectivity; no stronger structural role signal.
100000004820260100,distributor,0.07023411183321852,1,0.21628066102540597,"Distributes to 3 receivers; outgoing flow 215,350 KZT"
100000004825069100,terminal,0.553,4,0.11278898970288194,"No observed outgoing edges; receives 30,000 KZT"
100000004840086100,peripheral,0.15,1,0.044284853975710935,"No outgoing edge, but node is at depth 4; terminal status is obscured by graph boundary."
100000004841728100,terminal,0.5552208000000001,4,0.11373462466268021,"No observed outgoing edges; receives 52,208 KZT"
100000004847758100,distributor,0.33584053928610935,1,0.22622191646574777,"Distributes to 15 receivers; outgoing flow 488,800 KZT"
100000004848236100,peripheral,0.15,1,0.03586654021565982,"No outgoing edge, but node is at depth 4; terminal status is obscured by graph boundary."
100000004850609100,peripheral,0.15,1,0.03604786449832967,"No outgoing edge, but node is at depth 4; terminal status is obscured by graph boundary."
100000004856746100,peripheral,0.15,1,0.03611219825822532,"No outgoing edge, but node is at depth 4; terminal status is obscured by graph boundary."
100000004877085100,distributor,0.06737069605916153,1,0.1781297979085752,"Distributes to 3 receivers; outgoing flow 95,600 KZT"
100000004889043100,consolidator,0.24324444444444443,1,0.1942166319583137,Receives from 2 senders; retains 100% of observed flow
100000004890713100,peripheral,0.15,1,0.03685290303535252,"No outgoing edge, but node is at depth 4; terminal status is obscured by graph boundary."
100000004891562100,peripheral,0.15,1,0.03997856058180489,"No outgoing edge, but node is at depth 4; terminal status is obscured by graph boundary."
100000004892144100,consolidator,0.75399,1,0.4384490363975485,Receives from 2 senders; retains 96% of observed flow
100000004904960100,consolidator,0.2139111111111111,1,0.19680933083174448,Receives from 2 senders; retains 100% of observed flow
100000004905207100,terminal,0.5880000000000001,1,0.13102396478264489,"No observed outgoing edges; receives 380,000 KZT"
100000004906181100,distributor,0.20931290579957038,1,0.20729268428264444,"Distributes to 7 receivers; outgoing flow 2,473,418 KZT"
100000004908173100,peripheral,0.15,1,0.03661165541192144,"No outgoing edge, but node is at depth 4; terminal status is obscured by graph boundary."
100000004911971100,peripheral,0.15,1,0.03639789205764631,"No outgoing edge, but node is at depth 4; terminal status is obscured by graph boundary."
100000004917367100,consolidator,0.22466666666666665,1,0.18776514803929334,Receives from 2 senders; retains 100% of observed flow
100000004921657100,peripheral,0.15,1,0.04506253788201841,Limited observed connectivity; no stronger structural role signal.
100000004931931100,peripheral,0.15,1,0.04440017695825556,Limited observed connectivity; no stronger structural role signal.
100000004948177100,consolidator,0.2934310333333333,1,0.20561885266336669,Receives from 3 senders; retains 100% of observed flow
100000004950490100,terminal,0.551,1,0.1128719054385165,"No observed outgoing edges; receives 10,000 KZT"
100000004959752100,terminal,0.55222,1,0.12531240724933945,"No observed outgoing edges; receives 22,200 KZT"
100000004962193100,consolidator,0.5000572,1,0.23745873809403312,Receives from 8 senders; retains 100% of observed flow
100000004970752100,terminal,0.551,1,0.1237004858466879,"No observed outgoing edges; receives 10,000 KZT"
100000004971871100,peripheral,0.15,10,0.055664934011244255,Limited observed connectivity; no stronger structural role signal.
100000004975919100,peripheral,0.15,1,0.04563150993592004,Limited observed connectivity; no stronger structural role signal.
100000004976946100,peripheral,0.15,1,0.044551492040535545,"No outgoing edge, but node is at depth 4; terminal status is obscured by graph boundary."
100000004979264100,peripheral,0.15,1,0.03929941654348741,"No outgoing edge, but node is at depth 4; terminal status is obscured by graph boundary."
100000004979283100,terminal,0.5540132000000001,1,0.11333633384882688,"No observed outgoing edges; receives 40,132 KZT"
100000004979498100,peripheral,0.15,12,0.10052676566338409,Limited observed connectivity; no stronger structural role signal.
100000004981068100,peripheral,0.15,1,0.03751748288514774,"No outgoing edge, but node is at depth 4; terminal status is obscured by graph boundary."
100000004984689100,terminal,0.555303,1,0.11376445452064533,"No observed outgoing edges; receives 53,030 KZT"
100000004988240100,peripheral,0.15,1,0.04124509559694685,"No outgoing edge, but node is at depth 4; terminal status is obscured by graph boundary."
100000004991593100,peripheral,0.15,1,0.03822230258510131,"No outgoing edge, but node is at depth 4; terminal status is obscured by graph boundary."
100000004991812100,terminal,0.551,1,0.11328480981891174,"No observed outgoing edges; receives 10,000 KZT"
100000004993576100,terminal,0.5667000000000001,1,0.11962598846637142,"No observed outgoing edges; receives 167,000 KZT"
100000004997515100,consolidator,0.29758157524613216,1,0.21044633366629742,Receives from 4 senders; retains 86% of observed flow
100000005008589100,terminal,0.5542806680000001,1,0.11351536229431983,"No observed outgoing edges; receives 42,807 KZT"
100000005010159100,peripheral,0.15,1,0.04267333973256776,"No outgoing edge, but node is at depth 4; terminal status is obscured by graph boundary."
100000005017150100,terminal,0.55,22,0.11000000000000001,No observed outgoing edges; receives 0 KZT
100000005022552100,peripheral,0.15,1,0.05452318107181936,Limited observed connectivity; no stronger structural role signal.
100000005022964100,terminal,0.552,1,0.11320254059113277,"No observed outgoing edges; receives 20,000 KZT"
100000005025629100,peripheral,0.15,1,0.03590384287661853,"No outgoing edge, but node is at depth 4; terminal status is obscured by graph boundary."
100000005030592100,terminal,0.551,1,0.1117714739871267,"No observed outgoing edges; receives 10,000 KZT"
100000005031696100,peripheral,0.15,1,0.05325860593817787,Limited observed connectivity; no stronger structural role signal.
100000005032294100,terminal,0.551,1,0.11449389784771666,"No observed outgoing edges; receives 10,000 KZT"
100000005034574100,terminal,0.5758816,21,0.1257214196472412,"No observed outgoing edges; receives 258,816 KZT"
100000005037490100,peripheral,0.15,1,0.04600164692990973,Limited observed connectivity; no stronger structural role signal.
100000005041147100,peripheral,0.15,1,0.04097651946104802,"No outgoing edge, but node is at depth 4; terminal status is obscured by graph boundary."
100000005041905100,peripheral,0.15,4,0.051779406528504685,Limited observed connectivity; no stronger structural role signal.
100000005042822100,peripheral,0.15,1,0.07423113140440671,"No outgoing edge, but node is at depth 4; terminal status is obscured by graph boundary."
100000005048668100,distributor,0.17652337567512774,1,0.19574146634913359,"Distributes to 8 receivers; outgoing flow 159,400 KZT"
100000005049404100,peripheral,0.15,1,0.03915612895718083,"No outgoing edge, but node is at depth 4; terminal status is obscured by graph boundary."
100000005052998100,peripheral,0.15,1,0.0432614861060874,Limited observed connectivity; no stronger structural role signal.
100000005053653100,consolidator,0.1582540049041939,1,0.1877077316303294,Receives from 2 senders; retains 60% of observed flow
100000005055454100,terminal,0.5506500000000001,6,0.11733203547506554,"No observed outgoing edges; receives 6,500 KZT"
100000005056870100,terminal,0.552,11,0.11256740398525483,"No observed outgoing edges; receives 20,000 KZT"
100000005059998100,terminal,0.5518000000000001,1,0.1122931044949529,"No observed outgoing edges; receives 18,000 KZT"
100000005061890100,terminal,0.559,1,0.12156406081535419,"No observed outgoing edges; receives 90,000 KZT"
100000005074393100,distributor,0.1491032757897948,1,0.23585928817719246,"Distributes to 6 receivers; outgoing flow 685,500 KZT"
100000005075949100,peripheral,0.15,1,0.12469723149720316,"No outgoing edge, but node is at depth 4; terminal status is obscured by graph boundary."
100000005077484100,peripheral,0.15,6,0.05685992141371235,Limited observed connectivity; no stronger structural role signal.
100000005079473100,peripheral,0.15,1,0.03737586394688517,"No outgoing edge, but node is at depth 4; terminal status is obscured by graph boundary."
100000005079754100,peripheral,0.15,1,0.049704526631073706,Limited observed connectivity; no stronger structural role signal.
100000005082652100,terminal,0.553,1,0.1157375540545467,"No observed outgoing edges; receives 30,000 KZT"
100000005087431100,terminal,0.55,23,0.11000000000000001,No observed outgoing edges; receives 0 KZT
100000005087923100,peripheral,0.15,1,0.03969665088176067,"No outgoing edge, but node is at depth 4; terminal status is obscured by graph boundary."
100000005089460100,terminal,0.55123,4,0.11183417621346142,"No observed outgoing edges; receives 12,300 KZT"
100000005092518100,terminal,0.5526144000000001,4,0.11250479295454609,"No observed outgoing edges; receives 26,144 KZT"
100000005093521100,terminal,0.55152,1,0.11198454566102375,"No observed outgoing edges; receives 15,200 KZT"
100000005100475100,terminal,0.554,1,0.11430877312014963,"No observed outgoing edges; receives 40,000 KZT"
100000005105153100,terminal,0.553,1,0.11555402119179704,"No observed outgoing edges; receives 30,000 KZT"
100000005124479100,consolidator,0.20288055667261126,1,0.19226674385308987,Receives from 2 senders; retains 84% of observed flow
100000005127767100,terminal,0.5507000000000001,1,0.11516074459404542,"No observed outgoing edges; receives 7,000 KZT"
100000005133757100,consolidator,0.21794444444444444,1,0.1856146220844079,Receives from 2 senders; retains 100% of observed flow
100000005140601100,peripheral,0.15,1,0.1140825886777118,Limited observed connectivity; no stronger structural role signal.
100000005142492100,peripheral,0.15,1,0.08604839951724604,Limited observed connectivity; no stronger structural role signal.
100000005142589100,terminal,0.555,1,0.11400624524096786,"No observed outgoing edges; receives 50,000 KZT"
100000005146665100,peripheral,0.15,1,0.03529507158434504,"No outgoing edge, but node is at depth 4; terminal status is obscured by graph boundary."
100000005168487100,peripheral,0.15,1,0.08414263881349426,Limited observed connectivity; no stronger structural role signal.
100000005171642100,transit,0.5722820058767439,1,0.253746249110536,Pass-through ratio 0.98; 2 in / 1 out counterparties
100000005172860100,terminal,0.5515209200000001,1,0.11206854141876106,"No observed outgoing edges; receives 15,209 KZT"
100000005175148100,consolidator,0.19117454289732771,1,0.19859401701251653,Receives from 2 senders; retains 81% of observed flow
100000005182219100,consolidator,0.2167222222222222,1,0.18663531131587044,Receives from 2 senders; retains 100% of observed flow
100000005183943100,terminal,0.61809,5,0.148189831801701,"No observed outgoing edges; receives 680,900 KZT"
100000005186109100,terminal,0.5505,1,0.11989476326419941,"No observed outgoing edges; receives 5,000 KZT"
100000005186131100,transit,0.6067796610169491,1,0.15337827427610876,Pass-through ratio 1.00; 1 in / 1 out counterparties
100000005187208100,terminal,0.551416,1,0.11255479463993558,"No observed outgoing edges; receives 14,160 KZT"
100000005189258100,peripheral,0.15,1,0.0375304973985162,"No outgoing edge, but node is at depth 4; terminal status is obscured by graph boundary."
100000005198498100,terminal,0.55288,4,0.11258940639646363,"No observed outgoing edges; receives 28,800 KZT"
100000005198906100,peripheral,0.15,1,0.05305761545413516,Limited observed connectivity; no stronger structural role signal.
100000005203590100,terminal,0.559,1,0.11546971353941497,"No observed outgoing edges; receives 90,000 KZT"
100000005205745100,terminal,0.5506000000000001,1,0.11222238916061654,"No observed outgoing edges; receives 6,000 KZT"
100000005209352100,peripheral,0.15,1,0.03826555837290703,"No outgoing edge, but node is at depth 4; terminal status is obscured by graph boundary."
100000005222360100,peripheral,0.15,1,0.0831368561836587,Limited observed connectivity; no stronger structural role signal.
100000005226217100,peripheral,0.15,1,0.037876366053415954,"No outgoing edge, but node is at depth 4; terminal status is obscured by graph boundary."
100000005228059100,terminal,0.5526000000000001,4,0.11249799830422491,"No observed outgoing edges; receives 26,000 KZT"
100000005233755100,peripheral,0.15,1,0.04410548332706853,Limited observed connectivity; no stronger structural role signal.
100000005235389100,terminal,0.55,24,0.11000000000000001,No observed outgoing edges; receives 0 KZT
100000005237935150,terminal,0.5534508,1,0.11303513406271472,"No observed outgoing edges; receives 34,508 KZT"
100000005241556100,terminal,0.56,1,0.12236027515286552,"No observed outgoing edges; receives 100,000 KZT"
100000005242320100,distributor,0.5429185245834143,1,0.2951216616153647,"Distributes to 21 receivers; outgoing flow 8,936,295 KZT"
100000005264874100,peripheral,0.15,1,0.0494765147939539,Limited observed connectivity; no stronger structural role signal.
100000005264990100,peripheral,0.15,1,0.04889928931761123,Limited observed connectivity; no stronger structural role signal.
100000005265073100,peripheral,0.15,1,0.04353268549514728,Limited observed connectivity; no stronger structural role signal.
100000005268319100,distributor,0.10980307551621131,1,0.18009533418955245,"Distributes to 5 receivers; outgoing flow 91,000 KZT"
100000005272139100,peripheral,0.15,1,0.05141848741788841,"No outgoing edge, but node is at depth 4; terminal status is obscured by graph boundary."
100000005287097100,distributor,0.21065661927543203,1,0.20862803615214234,"Distributes to 9 receivers; outgoing flow 697,300 KZT"
100000005293969100,peripheral,0.15,1,0.04074289444147577,"No outgoing edge, but node is at depth 4; terminal status is obscured by graph boundary."
100000005308954100,peripheral,0.15,1,0.047940407124090575,Limited observed connectivity; no stronger structural role signal.
100000005314565100,terminal,0.5718500000000001,1,0.12272623093421833,"No observed outgoing edges; receives 218,500 KZT"
100000005316708100,peripheral,0.15,1,0.05004935239241076,Limited observed connectivity; no stronger structural role signal.
100000005317181100,peripheral,0.15,1,0.04983835031525105,Limited observed connectivity; no stronger structural role signal.
100000005326681100,terminal,0.5531228,1,0.112833484390728,"No observed outgoing edges; receives 31,228 KZT"
100000005328215100,terminal,0.5527000000000001,1,0.11273425075194576,"No observed outgoing edges; receives 27,000 KZT"
100000005339662100,distributor,0.0972272435076422,1,0.22943865250440365,"Distributes to 4 receivers; outgoing flow 295,160 KZT"
100000005342513100,peripheral,0.15,4,0.07349756457422452,Limited observed connectivity; no stronger structural role signal.
100000005357034100,terminal,0.5509754,1,0.11169208123067766,"No observed outgoing edges; receives 9,754 KZT"
100000005357705100,distributor,0.09561163974261302,1,0.18334033439208203,"Distributes to 4 receivers; outgoing flow 387,080 KZT"
100000005360814100,peripheral,0.15,1,0.043488403977539246,"No outgoing edge, but node is at depth 4; terminal status is obscured by graph boundary."
100000005362848100,terminal,0.5529000000000001,1,0.11276349369763797,"No observed outgoing edges; receives 29,000 KZT"
100000005363908100,transit,0.6067796610169491,19,0.15490844615141186,Pass-through ratio 1.00; 1 in / 1 out counterparties
100000005367180100,peripheral,0.15,1,0.04645582258156436,"No outgoing edge, but node is at depth 4; terminal status is obscured by graph boundary."
100000005367284100,peripheral,0.15,1,0.0455230966898649,Limited observed connectivity; no stronger structural role signal.
100000005367445100,transit,0.6067796610169491,1,0.19370439511646012,Pass-through ratio 1.00; 1 in / 1 out counterparties
100000005370558100,peripheral,0.15,1,0.03556418648645297,"No outgoing edge, but node is at depth 4; terminal status is obscured by graph boundary."
100000005370580100,terminal,0.5524075,1,0.11386105118696106,"No observed outgoing edges; receives 24,075 KZT"
100000005375968100,peripheral,0.15,1,0.052511870299945904,Limited observed connectivity; no stronger structural role signal.
100000005382566100,consolidator,0.38896063493764405,1,0.2557520222758657,Receives from 7 senders; retains 87% of observed flow
100000005386383100,consolidator,0.09858333333333333,1,0.1923665126325547,Receives from 2 senders; retains 23% of observed flow
100000005392290100,peripheral,0.15,17,0.04195045739904078,Limited observed connectivity; no stronger structural role signal.
100000005394708100,peripheral,0.15,1,0.04573696219847453,Limited observed connectivity; no stronger structural role signal.
100000005395727100,terminal,0.5517000000000001,1,0.11422920776940818,"No observed outgoing edges; receives 17,000 KZT"
100000005402643100,transit,0.015230365242301121,1,0.15894095891118465,Pass-through ratio 0.70; 1 in / 1 out counterparties
100000005409156100,consolidator,0.24178755555555556,1,0.19701492028280446,Receives from 2 senders; retains 100% of observed flow
100000005409680100,consolidator,0.21672955555555556,1,0.19397733790850843,Receives from 2 senders; retains 100% of observed flow
100000005413948100,consolidator,0.18686689447102606,1,0.22654456091547145,Receives from 2 senders; retains 82% of observed flow
100000005417257100,peripheral,0.15,1,0.04342622142473602,Limited observed connectivity; no stronger structural role signal.
100000005432267100,consolidator,0.2527779,1,0.19861858466372428,Receives from 2 senders; retains 100% of observed flow
100000005454368100,consolidator,0.21594,1,0.1874210386393469,Receives from 2 senders; retains 100% of observed flow
100000005456919100,consolidator,0.2670978927781829,2,0.2323430756475188,Receives from 2 senders; retains 99% of observed flow
100000005473151100,consolidator,0.36144717668488163,1,0.25044802528402893,Receives from 3 senders; retains 82% of observed flow
100000005474472100,terminal,0.56,1,0.12225210279482648,"No observed outgoing edges; receives 100,000 KZT"
100000005475379100,distributor,0.06702158649505939,1,0.1849425791713712,"Distributes to 3 receivers; outgoing flow 81,000 KZT"
100000005480435100,terminal,0.55,25,0.11000000000000001,No observed outgoing edges; receives 0 KZT
100000005481280100,distributor,0.06628032646169181,1,0.17786679138902278,"Distributes to 3 receivers; outgoing flow 50,000 KZT"
100000005485830100,distributor,0.11295278782615151,11,0.1786563148014126,"Distributes to 5 receivers; outgoing flow 275,885 KZT"
100000005493505100,consolidator,0.2475802222222222,1,0.19511539846250625,Receives from 3 senders; retains 100% of observed flow
100000005495211100,peripheral,0.15,1,0.041720972115756434,"No outgoing edge, but node is at depth 4; terminal status is obscured by graph boundary."
100000005495722100,terminal,0.55,26,0.11000000000000001,No observed outgoing edges; receives 0 KZT
100000005496254100,terminal,0.55127,1,0.11186301861910955,"No observed outgoing edges; receives 12,700 KZT"
100000005497148100,peripheral,0.15,1,0.04049557163053229,"No outgoing edge, but node is at depth 4; terminal status is obscured by graph boundary."
100000005498992100,distributor,0.3744478091536348,1,0.20920721499104927,"Distributes to 16 receivers; outgoing flow 2,262,868 KZT"
100000005505655100,consolidator,0.12332522726203675,1,0.19079660647018942,Receives from 2 senders; retains 40% of observed flow
100000005507142100,distributor,0.0700182800420277,1,0.1878437277483695,"Distributes to 3 receivers; outgoing flow 100,000 KZT"
100000005514161100,consolidator,0.30039227203542274,1,0.21785398042201412,Receives from 4 senders; retains 88% of observed flow
100000005519347100,peripheral,0.15,1,0.054833444920483435,Limited observed connectivity; no stronger structural role signal.
100000005519998100,distributor,0.07212250207223242,1,0.19741613582098552,"Distributes to 3 receivers; outgoing flow 188,000 KZT"
100000005523088100,terminal,0.6200000000000001,1,0.1781389938247903,"No observed outgoing edges; receives 700,000 KZT"
100000005527892100,distributor,0.18719228073045377,1,0.20673950351067086,"Distributes to 8 receivers; outgoing flow 552,419 KZT"
100000005530114100,consolidator,0.19936251976507424,1,0.19530243348147672,Receives from 2 senders; retains 82% of observed flow
100000005532138100,terminal,0.5525046,1,0.11253093735504938,"No observed outgoing edges; receives 25,046 KZT"
100000005539201100,peripheral,0.15,1,0.04547660602552538,Limited observed connectivity; no stronger structural role signal.
100000005539910100,peripheral,0.15,1,0.05464777487059579,Limited observed connectivity; no stronger structural role signal.
100000005543136100,peripheral,0.15,1,0.0413545683787327,Limited observed connectivity; no stronger structural role signal.
100000005546031100,consolidator,0.230200372588157,19,0.19916081864899465,Receives from 3 senders; retains 88% of observed flow
100000005547096100,peripheral,0.15,19,0.06197227093653068,Limited observed connectivity; no stronger structural role signal.
100000005550592100,terminal,0.55,27,0.11000000000000001,No observed outgoing edges; receives 0 KZT
100000005553088100,peripheral,0.15,1,0.03589499032116582,"No outgoing edge, but node is at depth 4; terminal status is obscured by graph boundary."
100000005560900100,terminal,0.55,28,0.11000000000000001,No observed outgoing edges; receives 0 KZT
100000005561741100,terminal,0.5525,1,0.11347606973868701,"No observed outgoing edges; receives 25,000 KZT"
100000005567828100,peripheral,0.15,1,0.03919573852800265,"No outgoing edge, but node is at depth 4; terminal status is obscured by graph boundary."
100000005568407100,terminal,0.55,29,0.11000000000000001,No observed outgoing edges; receives 0 KZT
100000005572303100,peripheral,0.15,1,0.047204352646551304,Limited observed connectivity; no stronger structural role signal.
100000005578559100,distributor,0.3505942730332352,1,0.23105991057633118,"Distributes to 21 receivers; outgoing flow 893,164 KZT"
100000005584222100,consolidator,0.1490363280514952,1,0.21017412981958336,Receives from 2 senders; retains 44% of observed flow
100000005588444100,terminal,0.55123,1,0.11180227396420077,"No observed outgoing edges; receives 12,300 KZT"
100000005589319100,peripheral,0.15,1,0.03654596086102628,"No outgoing edge, but node is at depth 4; terminal status is obscured by graph boundary."
100000005602999100,peripheral,0.15,1,0.0453632940823809,Limited observed connectivity; no stronger structural role signal.
100000005608515100,terminal,0.5564,1,0.11413755445542349,"No observed outgoing edges; receives 64,000 KZT"
100000005610717100,consolidator,0.24711140350877192,1,0.21062731109526153,Receives from 4 senders; retains 45% of observed flow
100000005612411100,distributor,0.18610616740027242,1,0.1967118573089317,"Distributes to 8 receivers; outgoing flow 506,997 KZT"
100000005614315100,terminal,0.5955,1,0.1378371995141117,"No observed outgoing edges; receives 455,000 KZT"
100000005616568100,peripheral,0.15,1,0.05712212945192745,"No outgoing edge, but node is at depth 4; terminal status is obscured by graph boundary."
100000005619339100,transit,0.42973966101694877,1,0.153722264701424,Pass-through ratio 1.09; 1 in / 1 out counterparties
100000005620225100,consolidator,0.21609224733333332,1,0.18489972718412556,Receives from 2 senders; retains 100% of observed flow
100000005621418100,peripheral,0.15,1,0.03664010225879864,"No outgoing edge, but node is at depth 4; terminal status is obscured by graph boundary."
100000005628518100,terminal,0.5577000000000001,1,0.12097945420891416,"No observed outgoing edges; receives 77,000 KZT"
100000005634552100,distributor,0.09368303608231232,1,0.18669475060581853,"Distributes to 3 receivers; outgoing flow 1,196,000 KZT"
100000005636951100,peripheral,0.15,1,0.044312793288945065,"No outgoing edge, but node is at depth 4; terminal status is obscured by graph boundary."
100000005660203100,peripheral,0.15,1,0.08578752511493809,Limited observed connectivity; no stronger structural role signal.
100000005661528100,terminal,0.5525,1,0.1124580370729866,"No observed outgoing edges; receives 25,000 KZT"
100000005661829100,transit,0.4740488246823434,1,0.15593187148955048,Pass-through ratio 1.07; 1 in / 2 out counterparties
100000005664632100,terminal,0.5698620000000001,1,0.12163827749974147,"No observed outgoing edges; receives 198,620 KZT"
100000005664922100,distributor,0.07919646891043451,1,0.1954867737962568,"Distributes to 3 receivers; outgoing flow 537,000 KZT"
100000005665181100,distributor,0.24341767786726823,1,0.1999296249241702,"Distributes to 11 receivers; outgoing flow 181,915 KZT"
100000005667841100,consolidator,0.23273333333333332,1,0.19099350909316634,Receives from 2 senders; retains 100% of observed flow
100000005668605100,consolidator,0.25155,1,0.20227122203279824,Receives from 3 senders; retains 100% of observed flow
100000005669845100,terminal,0.552,6,0.11294434464875534,"No observed outgoing edges; receives 20,000 KZT"
100000005674387100,terminal,0.55262,4,0.11247040042823299,"No observed outgoing edges; receives 26,200 KZT"
100000005685783100,peripheral,0.15,4,0.04151058056576775,"No outgoing edge, but node is at depth 4; terminal status is obscured by graph boundary."
100000005704413100,distributor,0.3770972348650122,1,0.2809921587071053,"Distributes to 32 receivers; outgoing flow 1,363,593 KZT"
100000005709551100,terminal,0.5524560000000001,1,0.11253346458818075,"No observed outgoing edges; receives 24,560 KZT"
100000005711521100,peripheral,0.15,1,0.049054270524169274,"No outgoing edge, but node is at depth 4; terminal status is obscured by graph boundary."
100000005723580100,peripheral,0.15,1,0.03763242003681822,"No outgoing edge, but node is at depth 4; terminal status is obscured by graph boundary."
100000005730108100,terminal,0.5508000000000001,1,0.11352468661068886,"No observed outgoing edges; receives 8,000 KZT"
100000005744674100,peripheral,0.15,1,0.04168864645174276,Limited observed connectivity; no stronger structural role signal.
100000005745873100,peripheral,0.15,1,0.04366599357705155,"No outgoing edge, but node is at depth 4; terminal status is obscured by graph boundary."
100000005754335100,terminal,0.5544037,1,0.11623371944582543,"No observed outgoing edges; receives 44,037 KZT"
100000005756189100,transit,0.11601043024771826,1,0.15603635814341904,Pass-through ratio 0.75; 1 in / 1 out counterparties
100000005756535100,terminal,0.552,4,0.11883025236936738,"No observed outgoing edges; receives 20,000 KZT"
100000005767403100,peripheral,0.15,1,0.09182344657527351,"No outgoing edge, but node is at depth 4; terminal status is obscured by graph boundary."
100000005778283100,consolidator,0.3152595555555555,1,0.213466486767931,Receives from 3 senders; retains 100% of observed flow
100000005782781100,distributor,0.25055362674062687,1,0.22283464189418334,"Distributes to 10 receivers; outgoing flow 1,263,597 KZT"
100000005782886100,peripheral,0.15,1,0.037317194537648014,"No outgoing edge, but node is at depth 4; terminal status is obscured by graph boundary."
100000005783452100,consolidator,0.24501666666666666,1,0.16595323963905423,Receives from 2 senders; retains 100% of observed flow
100000005799271100,terminal,0.5545,1,0.11974263622979292,"No observed outgoing edges; receives 45,000 KZT"
100000005807278100,terminal,0.5508385,11,0.11181462564624182,"No observed outgoing edges; receives 8,385 KZT"
100000005809252100,terminal,0.5525,1,0.11970924235019881,"No observed outgoing edges; receives 25,000 KZT"
100000005815602100,peripheral,0.15,1,0.052079271559337136,Limited observed connectivity; no stronger structural role signal.
100000005820746100,peripheral,0.15,1,0.14441785056436782,Limited observed connectivity; no stronger structural role signal.
100000005830339100,consolidator,0.2513891596121033,1,0.21241893203974588,Receives from 5 senders; retains 29% of observed flow
100000005834479100,peripheral,0.15,1,0.04431089756185161,Limited observed connectivity; no stronger structural role signal.
100000005844459100,consolidator,0.2397488888888889,1,0.1940646907888586,Receives from 2 senders; retains 100% of observed flow
100000005847078100,terminal,0.5516300000000001,4,0.11201726231843168,"No observed outgoing edges; receives 16,300 KZT"
100000005849100100,terminal,0.5533300000000001,1,0.11804786068776488,"No observed outgoing edges; receives 33,300 KZT"
100000005849862100,peripheral,0.15,1,0.04141041621880796,"No outgoing edge, but node is at depth 4; terminal status is obscured by graph boundary."
100000005852946100,terminal,0.5523746,1,0.11238562249635763,"No observed outgoing edges; receives 23,746 KZT"
100000005857058100,consolidator,0.24980491111111108,1,0.18989807719723725,Receives from 3 senders; retains 100% of observed flow
100000005873152100,transit,0.6067796610169491,1,0.15782704898186833,Pass-through ratio 1.00; 1 in / 1 out counterparties
100000005877725100,terminal,0.557,4,0.11457414145791969,"No observed outgoing edges; receives 70,000 KZT"
100000005878334100,peripheral,0.15,1,0.04031860888202841,"No outgoing edge, but node is at depth 4; terminal status is obscured by graph boundary."
100000005882013100,consolidator,0.2153888888888889,1,0.19584961020892175,Receives from 2 senders; retains 93% of observed flow
100000005888829100,peripheral,0.15,1,0.04263709327888423,"No outgoing edge, but node is at depth 4; terminal status is obscured by graph boundary."
100000005893892100,terminal,0.560278,1,0.11564168825831793,"No observed outgoing edges; receives 102,780 KZT"
100000005895525100,terminal,0.562,11,0.11904849170813911,"No observed outgoing edges; receives 120,000 KZT"
100000005897462100,terminal,0.55984,1,0.115763711564907,"No observed outgoing edges; receives 98,400 KZT"
100000005901606100,terminal,0.553566,4,0.11295380609660427,"No observed outgoing edges; receives 35,660 KZT"
100000005904580100,consolidator,0.2188,1,0.19177215939322279,Receives from 2 senders; retains 100% of observed flow
100000005910114100,distributor,0.363116006863628,1,0.3233870747316469,"Distributes to 19 receivers; outgoing flow 1,469,993 KZT"
100000005910895100,peripheral,0.15,1,0.04222836659418188,"No outgoing edge, but node is at depth 4; terminal status is obscured by graph boundary."
100000005911352100,distributor,0.0669298109389002,1,0.18580121502090396,"Distributes to 3 receivers; outgoing flow 24,000 KZT"
100000005931985100,terminal,0.5576000000000001,1,0.11515608325517873,"No observed outgoing edges; receives 76,000 KZT"
100000005932987100,terminal,0.5525,1,0.11562914905430423,"No observed outgoing edges; receives 25,000 KZT"
100000005933757100,distributor,0.4201027664060983,1,0.3789946520180778,"Distributes to 34 receivers; outgoing flow 3,002,628 KZT"
100000005939154100,terminal,0.5522,1,0.11240145751505316,"No observed outgoing edges; receives 22,000 KZT"
100000005940652100,terminal,0.5508395,1,0.1116871921778817,"No observed outgoing edges; receives 8,395 KZT"
100000005941908100,terminal,0.551,1,0.1223735707362082,"No observed outgoing edges; receives 10,000 KZT"
100000005942793100,consolidator,0.2767222222222222,1,0.18860246700270797,Receives from 4 senders; retains 100% of observed flow
100000005958064100,peripheral,0.15,1,0.04585626911053451,Limited observed connectivity; no stronger structural role signal.
100000005961971100,terminal,0.5547353,4,0.11350554113969866,"No observed outgoing edges; receives 47,353 KZT"
100000005974542100,terminal,0.55945,1,0.1203966831444236,"No observed outgoing edges; receives 94,500 KZT"
100000005979037100,peripheral,0.15,1,0.0380933843325008,"No outgoing edge, but node is at depth 4; terminal status is obscured by graph boundary."
100000005995391100,terminal,0.5517200000000001,4,0.11205845669204996,"No observed outgoing edges; receives 17,200 KZT"
100000005996909100,terminal,0.5505500000000001,1,0.11229843867792821,"No observed outgoing edges; receives 5,500 KZT"
100000006008169100,terminal,0.557,1,0.11449335587074652,"No observed outgoing edges; receives 70,000 KZT"
100000006020215100,transit,0.3568361581920903,1,0.15664863189485884,Pass-through ratio 1.13; 1 in / 2 out counterparties
100000006030946100,terminal,0.5573289,4,0.11472933315865838,"No observed outgoing edges; receives 73,289 KZT"
100000006048193100,terminal,0.5541559,1,0.11328780980344058,"No observed outgoing edges; receives 41,559 KZT"
100000006069103100,distributor,0.07408325441855955,1,0.2131338064970753,"Distributes to 3 receivers; outgoing flow 270,000 KZT"
100000006100920100,terminal,0.56,1,0.11651376973291612,"No observed outgoing edges; receives 100,000 KZT"
100000006111439100,distributor,0.08947218382025614,1,0.18234855314653076,"Distributes to 4 receivers; outgoing flow 24,000 KZT"
100000006111442100,terminal,0.5564,1,0.11419972225219358,"No observed outgoing edges; receives 64,000 KZT"
100000006122699100,consolidator,0.2156057222222222,1,0.1875832461713705,Receives from 2 senders; retains 100% of observed flow
100000006126743100,terminal,0.5555,1,0.11360994495371746,"No observed outgoing edges; receives 55,000 KZT"
100000006161893100,terminal,0.5514,1,0.11832421537044926,"No observed outgoing edges; receives 14,000 KZT"
100000006165886100,consolidator,0.17156578804387562,1,0.19247938326605002,Receives from 2 senders; retains 59% of observed flow
100000006169033100,distributor,0.09235046574684325,1,0.1907696167689705,"Distributes to 3 receivers; outgoing flow 1,140,271 KZT"
100000006171671100,peripheral,0.15,1,0.04087165174325399,"No outgoing edge, but node is at depth 4; terminal status is obscured by graph boundary."
100000006177176100,terminal,0.5508911000000001,1,0.11166768952429425,"No observed outgoing edges; receives 8,911 KZT"
100000006209210100,terminal,0.5729111,1,0.12279489448757343,"No observed outgoing edges; receives 229,111 KZT"
100000006225798100,consolidator,0.32278045552477685,1,0.21925848826858935,Receives from 3 senders; retains 96% of observed flow
100000006232642100,peripheral,0.15,1,0.054409458221864604,"No outgoing edge, but node is at depth 4; terminal status is obscured by graph boundary."
100000006232815100,distributor,0.11471691218901892,6,0.1939342692454007,"Distributes to 5 receivers; outgoing flow 296,500 KZT"
100000006240939100,distributor,0.12623071299440553,1,0.19172284622748267,"Distributes to 5 receivers; outgoing flow 778,015 KZT"
100000006248077100,terminal,0.555,1,0.11357231364357606,"No observed outgoing edges; receives 50,000 KZT"
100000006249740100,distributor,0.06603750680343447,30,0.1745890697132995,"Distributes to 3 receivers; outgoing flow 93,007 KZT"
100000006257675100,peripheral,0.15,1,0.03972759689688794,"No outgoing edge, but node is at depth 4; terminal status is obscured by graph boundary."
100000006274203100,consolidator,0.624535717379531,1,0.3390960438500876,Receives from 2 senders; retains 98% of observed flow
100000006288612100,peripheral,0.15,1,0.036440816409450336,"No outgoing edge, but node is at depth 4; terminal status is obscured by graph boundary."
100000006308406100,peripheral,0.15,1,0.047229325350048194,"No outgoing edge, but node is at depth 4; terminal status is obscured by graph boundary."
100000006326645100,terminal,0.5525264000000001,4,0.11246327009147218,"No observed outgoing edges; receives 25,264 KZT"
100000006351075100,peripheral,0.15,1,0.03662050580237453,"No outgoing edge, but node is at depth 4; terminal status is obscured by graph boundary."
100000006369769100,terminal,0.554,4,0.11315858930767325,"No observed outgoing edges; receives 40,000 KZT"
100000006381453100,peripheral,0.15,1,0.04316310327119196,"No outgoing edge, but node is at depth 4; terminal status is obscured by graph boundary."
100000006385877100,peripheral,0.15,1,0.09259900112517637,Limited observed connectivity; no stronger structural role signal.
100000006412162100,peripheral,0.15,1,0.035791057619725494,"No outgoing edge, but node is at depth 4; terminal status is obscured by graph boundary."
100000006416061100,peripheral,0.15,1,0.03947650490655825,"No outgoing edge, but node is at depth 4; terminal status is obscured by graph boundary."
100000006424479100,peripheral,0.15,1,0.08499652201711175,Limited observed connectivity; no stronger structural role signal.
100000006443391100,consolidator,0.14681845085907702,1,0.24654883234660588,Receives from 3 senders; retains 31% of observed flow
100000006444163100,terminal,0.5506026,1,0.11239816064881974,"No observed outgoing edges; receives 6,026 KZT"
100000006445501100,terminal,0.5591,1,0.11542585906572718,"No observed outgoing edges; receives 91,000 KZT"
100000006446271100,consolidator,0.21977777777777777,1,0.18662067268147656,Receives from 2 senders; retains 100% of observed flow
100000006471232100,terminal,0.55418,4,0.11318443623761687,"No observed outgoing edges; receives 41,800 KZT"
100000006476758100,terminal,0.55052,1,0.11756226116761238,"No observed outgoing edges; receives 5,200 KZT"
100000006490557100,terminal,0.5505,1,0.11149512144182996,"No observed outgoing edges; receives 5,000 KZT"
100000006490615100,peripheral,0.15,1,0.03899177480034193,"No outgoing edge, but node is at depth 4; terminal status is obscured by graph boundary."
100000006491272100,terminal,0.55262,4,0.11247040042823299,"No observed outgoing edges; receives 26,200 KZT"
100000006491963100,peripheral,0.15,1,0.03583842756273544,"No outgoing edge, but node is at depth 4; terminal status is obscured by graph boundary."
100000006492770100,peripheral,0.15,1,0.05463776351474918,Limited observed connectivity; no stronger structural role signal.
100000006512787100,peripheral,0.15,1,0.04124775273390246,"No outgoing edge, but node is at depth 4; terminal status is obscured by graph boundary."
100000006518161100,transit,0.6112305392808447,1,0.20084961123967135,Pass-through ratio 1.00; 3 in / 2 out counterparties
100000006522972100,terminal,0.5509515,1,0.11213372401242487,"No observed outgoing edges; receives 9,515 KZT"
100000006523053100,terminal,0.5505,1,0.11812781683748153,"No observed outgoing edges; receives 5,000 KZT"
100000006527156100,peripheral,0.15,1,0.0370330740929938,"No outgoing edge, but node is at depth 4; terminal status is obscured by graph boundary."
100000006530134100,consolidator,0.22768103333333334,1,0.18892581738627698,Receives from 2 senders; retains 100% of observed flow
100000006532229100,terminal,0.5605,1,0.11604246192947483,"No observed outgoing edges; receives 105,000 KZT"
100000006534886100,peripheral,0.15,1,0.06904871925762764,Limited observed connectivity; no stronger structural role signal.
100000006557763100,terminal,0.551,1,0.11330622375211549,"No observed outgoing edges; receives 10,000 KZT"
100000006562026100,consolidator,0.21916666666666668,30,0.1961698074258457,Receives from 2 senders; retains 100% of observed flow
100000006564102100,terminal,0.5733235000000001,1,0.12473447014928744,"No observed outgoing edges; receives 233,235 KZT"
100000006567935100,terminal,0.5700000000000001,1,0.1202618669004556,"No observed outgoing edges; receives 200,000 KZT"
100000006573438100,terminal,0.5505,1,0.1118346368352493,"No observed outgoing edges; receives 5,000 KZT"
100000006579678100,distributor,0.17007319293457862,1,0.21855545032808102,"Distributes to 6 receivers; outgoing flow 1,668,800 KZT"
100000006595426100,terminal,0.5584800000000001,1,0.11608555594081758,"No observed outgoing edges; receives 84,800 KZT"
100000006612238100,peripheral,0.15,4,0.050845778458247184,Limited observed connectivity; no stronger structural role signal.
100000006638021100,consolidator,0.25748333333333334,1,0.17470323932980483,Receives from 2 senders; retains 100% of observed flow
100000006641671100,transit,0.3374422187981508,1,0.15908629425279944,Pass-through ratio 1.14; 2 in / 1 out counterparties
100000006656003100,peripheral,0.15,4,0.04356111805910283,Limited observed connectivity; no stronger structural role signal.
100000006658598100,terminal,0.5509000000000001,1,0.11167164966057994,"No observed outgoing edges; receives 9,000 KZT"
100000006664478100,transit,0.42835130970724206,1,0.16532784332334086,Pass-through ratio 1.09; 1 in / 2 out counterparties
100000006679055100,terminal,0.5525,1,0.11271428928851487,"No observed outgoing edges; receives 25,000 KZT"
100000006684930100,terminal,0.551,1,0.11203373444312756,"No observed outgoing edges; receives 10,000 KZT"
100000006687202100,terminal,0.555,1,0.11360123438725896,"No observed outgoing edges; receives 50,000 KZT"
100000006689603100,peripheral,0.15,1,0.049847682356711984,"No outgoing edge, but node is at depth 4; terminal status is obscured by graph boundary."
100000006693788100,peripheral,0.15,1,0.040966351336486656,"No outgoing edge, but node is at depth 4; terminal status is obscured by graph boundary."
100000006701983100,terminal,0.5527000000000001,4,0.11250701764922702,"No observed outgoing edges; receives 27,000 KZT"
100000006704530100,distributor,0.07531891654598026,1,0.20137708065785084,"Distributes to 3 receivers; outgoing flow 428,000 KZT"
100000006706519100,peripheral,0.15,1,0.03870332316545398,"No outgoing edge, but node is at depth 4; terminal status is obscured by graph boundary."
100000006707582100,distributor,0.3233213438879713,1,0.21270304735587797,"Distributes to 14 receivers; outgoing flow 961,138 KZT"
100000006710485100,terminal,0.552,4,0.11218661696552912,"No observed outgoing edges; receives 20,000 KZT"
100000006714366100,peripheral,0.15,1,0.04344472811816731,Limited observed connectivity; no stronger structural role signal.
100000006734214100,consolidator,0.3657030965391621,1,0.2253097371183004,Receives from 5 senders; retains 94% of observed flow
100000006734554100,peripheral,0.15,6,0.04414111137771264,Limited observed connectivity; no stronger structural role signal.
100000006735545100,peripheral,0.15,1,0.03542959670907906,"No outgoing edge, but node is at depth 4; terminal status is obscured by graph boundary."
100000006745291100,terminal,0.5582534,1,0.11503933754436821,"No observed outgoing edges; receives 82,534 KZT"
100000006746688100,terminal,0.5541,4,0.11314781901662282,"No observed outgoing edges; receives 41,000 KZT"
100000006755850100,terminal,0.59434758,1,0.13930392189931196,"No observed outgoing edges; receives 443,476 KZT"
100000006756956100,peripheral,0.15,1,0.03994015875628024,"No outgoing edge, but node is at depth 4; terminal status is obscured by graph boundary."
100000006787636100,terminal,0.552,1,0.11401001152098778,"No observed outgoing edges; receives 20,000 KZT"
100000006788200100,consolidator,0.2677139962644779,1,0.20375087530554212,Receives from 4 senders; retains 76% of observed flow
100000006789108100,terminal,0.5537500000000001,1,0.11298327680814331,"No observed outgoing edges; receives 37,500 KZT"
100000006831291100,peripheral,0.15,30,0.04139625934776006,Limited observed connectivity; no stronger structural role signal.
100000006844004100,terminal,0.55206,1,0.11895619511093408,"No observed outgoing edges; receives 20,600 KZT"
100000006844768100,peripheral,0.15,1,0.08628842421564437,Limited observed connectivity; no stronger structural role signal.
100000006852430100,terminal,0.5537000000000001,1,0.11939689062808866,"No observed outgoing edges; receives 37,000 KZT"
100000006866783100,coordinator,0.5827582429244076,1,0.4858962903886849,Centrality 0.39; 80 counterparties
100000006866831100,peripheral,0.15,1,0.03749830651216636,"No outgoing edge, but node is at depth 4; terminal status is obscured by graph boundary."
100000006882208100,terminal,0.5518000000000001,1,0.1213401610387604,"No observed outgoing edges; receives 18,000 KZT"
100000006888238100,peripheral,0.15,10,0.05206520461501312,Limited observed connectivity; no stronger structural role signal.
100000006889963100,consolidator,0.39841406708595395,1,0.2538280430102097,Receives from 4 senders; retains 69% of observed flow
100000006894637100,terminal,0.5552831,1,0.11359580943489425,"No observed outgoing edges; receives 52,831 KZT"
100000006901046100,peripheral,0.15,1,0.11704896133907998,Limited observed connectivity; no stronger structural role signal.
100000006903193100,peripheral,0.15,1,0.03575734004969939,"No outgoing edge, but node is at depth 4; terminal status is obscured by graph boundary."
100000006912294100,peripheral,0.15,1,0.04994217909547128,Limited observed connectivity; no stronger structural role signal.
100000006918814100,peripheral,0.15,1,0.03620777954107628,"No outgoing edge, but node is at depth 4; terminal status is obscured by graph boundary."
100000006919124100,terminal,0.5525,1,0.11234996127664186,"No observed outgoing edges; receives 25,000 KZT"
100000006952718100,terminal,0.5571489000000001,1,0.11445215478818589,"No observed outgoing edges; receives 71,489 KZT"
100000006965162100,terminal,0.551,1,0.11231099576757225,"No observed outgoing edges; receives 10,000 KZT"
100000006967370100,peripheral,0.15,1,0.044571511893754925,Limited observed connectivity; no stronger structural role signal.
100000006972210100,consolidator,0.29973916666666667,1,0.20577678669997077,Receives from 3 senders; retains 100% of observed flow
100000006977207100,distributor,0.4197399927730923,1,0.2444373684458722,"Distributes to 15 receivers; outgoing flow 4,157,018 KZT"
100000006989106100,terminal,0.5564,1,0.11945652306780288,"No observed outgoing edges; receives 64,000 KZT"
100000006989232100,terminal,0.5522194,1,0.11224774722380977,"No observed outgoing edges; receives 22,194 KZT"
100000006994985100,peripheral,0.15,1,0.05064393938635832,Limited observed connectivity; no stronger structural role signal.
100000007005380100,terminal,0.5509400000000001,1,0.11212329922832073,"No observed outgoing edges; receives 9,400 KZT"
100000007018630100,peripheral,0.15,8,0.04293882520177246,Limited observed connectivity; no stronger structural role signal.
100000007020162100,terminal,0.5586395000000001,1,0.1155128775621756,"No observed outgoing edges; receives 86,395 KZT"
100000007022818100,terminal,0.5517200000000001,4,0.11205845669204996,"No observed outgoing edges; receives 17,200 KZT"
100000007034089100,consolidator,0.2342,1,0.16296804318589606,Receives from 2 senders; retains 100% of observed flow
100000007042175100,peripheral,0.15,1,0.04275299861742241,"No outgoing edge, but node is at depth 4; terminal status is obscured by graph boundary."
100000007055802100,consolidator,0.5326850408321793,1,0.30194682439920156,Receives from 6 senders; retains 70% of observed flow
100000007071852100,peripheral,0.15,1,0.04551426690595916,"No outgoing edge, but node is at depth 4; terminal status is obscured by graph boundary."
100000007129492100,consolidator,0.10738723956767121,1,0.186902244266079,Receives from 2 senders; retains 27% of observed flow
100000007131370100,transit,0.6067796610169491,1,0.17018282490568737,Pass-through ratio 1.00; 1 in / 1 out counterparties
100000007138613100,consolidator,0.33567025948103796,1,0.23205418258997673,Receives from 3 senders; retains 82% of observed flow
100000007140834100,terminal,0.5510200000000001,1,0.12290495223459305,"No observed outgoing edges; receives 10,200 KZT"
100000007153161100,peripheral,0.15,1,0.042153239476357574,"No outgoing edge, but node is at depth 4; terminal status is obscured by graph boundary."
100000007170072100,transit,0.6001694915254236,1,0.16003263117953795,Pass-through ratio 0.99; 1 in / 2 out counterparties
100000007173936100,terminal,0.551,1,0.11172072046366686,"No observed outgoing edges; receives 10,000 KZT"
100000007175718100,terminal,0.552,11,0.11256740398525483,"No observed outgoing edges; receives 20,000 KZT"
100000007181706100,consolidator,0.23154435555555555,1,0.1907678304463423,Receives from 2 senders; retains 100% of observed flow
100000007197866100,transit,0.10677966101694913,1,0.1539287789313304,Pass-through ratio 0.75; 1 in / 1 out counterparties
100000007229557100,consolidator,0.3473111111111111,1,0.22325501964570219,Receives from 3 senders; retains 100% of observed flow
100000007242833100,peripheral,0.15,1,0.05372360205939834,Limited observed connectivity; no stronger structural role signal.
100000007267915100,consolidator,0.14113809523809523,1,0.1849530098371135,Receives from 2 senders; retains 52% of observed flow
100000007274584100,terminal,0.5538000000000001,1,0.1130545844915424,"No observed outgoing edges; receives 38,000 KZT"
100000007281639100,consolidator,0.2364941111111111,1,0.19257377835132727,Receives from 2 senders; retains 100% of observed flow
100000007283257100,terminal,0.5692,21,0.12199094401231243,"No observed outgoing edges; receives 192,000 KZT"
100000007289427100,terminal,0.55123,1,0.11409692830451156,"No observed outgoing edges; receives 12,300 KZT"
100000007303047100,terminal,0.5552250000000001,4,0.1136627486868516,"No observed outgoing edges; receives 52,250 KZT"
100000007311010100,consolidator,0.1713548342983182,1,0.18769269034419764,Receives from 2 senders; retains 69% of observed flow
100000007322059100,consolidator,0.09716513409961686,1,0.1962435453350869,Receives from 2 senders; retains 22% of observed flow
100000007330432100,peripheral,0.15,1,0.06143848871848866,"No outgoing edge, but node is at depth 4; terminal status is obscured by graph boundary."
100000007333038100,peripheral,0.15,1,0.04523198737663839,Limited observed connectivity; no stronger structural role signal.
100000007334196100,terminal,0.5650002000000001,1,0.11811963922202556,"No observed outgoing edges; receives 150,002 KZT"
100000007337374100,terminal,0.552,4,0.11228305528214728,"No observed outgoing edges; receives 20,000 KZT"
100000007347733100,terminal,0.5523007000000001,30,0.11380907405407924,"No observed outgoing edges; receives 23,007 KZT"
100000007357489100,consolidator,0.23010555555555556,1,0.16159932315962486,Receives from 2 senders; retains 100% of observed flow
100000007381662100,peripheral,0.15,1,0.03572166082519528,"No outgoing edge, but node is at depth 4; terminal status is obscured by graph boundary."
100000007382152100,terminal,0.550586,1,0.11153932800572781,"No observed outgoing edges; receives 5,860 KZT"
100000007382543100,distributor,0.12037975069471252,1,0.22066879918207255,"Distributes to 5 receivers; outgoing flow 427,000 KZT"
100000007390016100,peripheral,0.15,1,0.10763780975732229,Limited observed connectivity; no stronger structural role signal.
100000007392365100,distributor,0.17111665072712584,1,0.195961087701488,"Distributes to 6 receivers; outgoing flow 1,765,600 KZT"
100000007442518100,distributor,0.3034859200477053,1,0.2596577188519692,"Distributes to 9 receivers; outgoing flow 4,419,999 KZT"
100000007472293100,distributor,0.07335577303825518,1,0.1789995921738285,"Distributes to 3 receivers; outgoing flow 345,900 KZT"
100000007484343100,consolidator,0.2132703,1,0.18375100383579973,Receives from 2 senders; retains 100% of observed flow
100000007487729100,terminal,0.5525,1,0.11253745908836747,"No observed outgoing edges; receives 25,000 KZT"
100000007507343100,terminal,0.5870000000000001,12,0.13604267325480035,"No observed outgoing edges; receives 370,000 KZT"
100000007510567100,peripheral,0.15,1,0.037357018716897256,"No outgoing edge, but node is at depth 4; terminal status is obscured by graph boundary."
100000007510875100,terminal,0.5505,1,0.11333615363720899,"No observed outgoing edges; receives 5,000 KZT"
100000007511163100,distributor,0.06831792795364389,1,0.1833914739728932,"Distributes to 3 receivers; outgoing flow 82,052 KZT"
100000007511780100,peripheral,0.15,1,0.04664860339200195,"No outgoing edge, but node is at depth 4; terminal status is obscured by graph boundary."
100000007534354100,distributor,0.0686191214250364,1,0.1789127798747577,"Distributes to 3 receivers; outgoing flow 147,810 KZT"
100000007536804100,peripheral,0.15,1,0.048603182231497365,Limited observed connectivity; no stronger structural role signal.
100000007539296100,peripheral,0.15,1,0.04277776625512763,"No outgoing edge, but node is at depth 4; terminal status is obscured by graph boundary."
100000007544358100,transit,0.4396268558665091,1,0.17194347760670392,Pass-through ratio 1.09; 2 in / 1 out counterparties
100000007591246100,peripheral,0.15,1,0.044391763753243635,Limited observed connectivity; no stronger structural role signal.
100000007593823100,distributor,0.28423418496812414,1,0.20425017040374685,"Distributes to 13 receivers; outgoing flow 162,900 KZT"
100000007594394100,peripheral,0.15,1,0.09728423537781562,Limited observed connectivity; no stronger structural role signal.
100000007597382100,terminal,0.55157,1,0.11193879568894562,"No observed outgoing edges; receives 15,700 KZT"
100000007617808100,terminal,0.5950000000000001,1,0.13198133126676068,"No observed outgoing edges; receives 450,000 KZT"
100000007618425100,terminal,0.5539348000000001,1,0.11316053567606424,"No observed outgoing edges; receives 39,348 KZT"
100000007629096100,consolidator,0.2946537582986876,1,0.2952410564779478,Receives from 4 senders; retains 29% of observed flow
100000007629121100,terminal,0.5529000000000001,1,0.1153815073100702,"No observed outgoing edges; receives 29,000 KZT"
100000007631637100,terminal,0.5515341,4,0.11199505262524234,"No observed outgoing edges; receives 15,341 KZT"
100000007639767100,distributor,0.23745779129453295,1,0.24079953285661407,"Distributes to 10 receivers; outgoing flow 822,244 KZT"
100000007641183100,terminal,0.5528000000000001,1,0.1125170720137063,"No observed outgoing edges; receives 28,000 KZT"
100000007641801100,terminal,0.5700000000000001,1,0.11990675592885343,"No observed outgoing edges; receives 200,000 KZT"
100000007647294100,terminal,0.5885,1,0.13502857042210495,"No observed outgoing edges; receives 385,000 KZT"
100000007648946100,transit,0.04923490398370102,1,0.15371052991449174,Pass-through ratio 1.28; 1 in / 1 out counterparties
100000007653003100,terminal,0.56,1,0.11585180989657735,"No observed outgoing edges; receives 100,000 KZT"
100000007653094100,peripheral,0.15,1,0.042120414631709145,"No outgoing edge, but node is at depth 4; terminal status is obscured by graph boundary."
100000007689942100,peripheral,0.15,1,0.06050713430664604,Limited observed connectivity; no stronger structural role signal.
100000007731977100,peripheral,0.15,1,0.03799483734102631,"No outgoing edge, but node is at depth 4; terminal status is obscured by graph boundary."
100000007737775100,terminal,0.5506000000000001,1,0.11198250707040354,"No observed outgoing edges; receives 6,000 KZT"
100000007745062100,peripheral,0.15,1,0.046207853504609875,"No outgoing edge, but node is at depth 4; terminal status is obscured by graph boundary."
100000007747786100,distributor,0.44074442447572915,1,0.24474412338763094,"Distributes to 31 receivers; outgoing flow 4,238,009 KZT"
100000007749092100,peripheral,0.15,1,0.08334647853060381,Limited observed connectivity; no stronger structural role signal.
100000007749747100,peripheral,0.15,1,0.04038064423954001,"No outgoing edge, but node is at depth 4; terminal status is obscured by graph boundary."
100000007754369100,terminal,0.5582424,1,0.11489793448018665,"No observed outgoing edges; receives 82,424 KZT"
100000007777377100,peripheral,0.15,1,0.06716680018011452,Limited observed connectivity; no stronger structural role signal.
100000007793871100,terminal,0.5526000000000001,1,0.12290576605037695,"No observed outgoing edges; receives 26,000 KZT"
100000007797290100,peripheral,0.15,1,0.04760594090520158,Limited observed connectivity; no stronger structural role signal.
100000007811950100,peripheral,0.15,1,0.04267170598135976,"No outgoing edge, but node is at depth 4; terminal status is obscured by graph boundary."
100000007841978100,peripheral,0.15,1,0.05591358918740726,"No outgoing edge, but node is at depth 4; terminal status is obscured by graph boundary."
100000007861311100,terminal,0.5545,1,0.11506359622848755,"No observed outgoing edges; receives 45,000 KZT"
100000007863304100,terminal,0.5525,1,0.11233425849205957,"No observed outgoing edges; receives 25,000 KZT"
100000007864477100,distributor,0.13503550497027214,1,0.18679748859032227,"Distributes to 6 receivers; outgoing flow 203,500 KZT"
100000007865484100,peripheral,0.15,1,0.057587569420347776,"No outgoing edge, but node is at depth 4; terminal status is obscured by graph boundary."
100000007867364100,peripheral,0.15,1,0.04020627475493398,"No outgoing edge, but node is at depth 4; terminal status is obscured by graph boundary."
100000007898453100,peripheral,0.15,1,0.04915996410555866,Limited observed connectivity; no stronger structural role signal.
100000007908818100,consolidator,0.2966434300052312,1,0.23349635342270778,Receives from 4 senders; retains 58% of observed flow
100000007930878100,terminal,0.5505,5,0.11668259345465408,"No observed outgoing edges; receives 5,000 KZT"
100000007938486100,terminal,0.55395,4,0.1131349967718358,"No observed outgoing edges; receives 39,500 KZT"
100000007939160100,peripheral,0.15,5,0.08704460305837569,Limited observed connectivity; no stronger structural role signal.
100000007953156100,peripheral,0.15,1,0.04875757300394887,Limited observed connectivity; no stronger structural role signal.
100000007960337100,peripheral,0.15,1,0.03672197192696123,"No outgoing edge, but node is at depth 4; terminal status is obscured by graph boundary."
100000007982728100,distributor,0.2133152252043886,1,0.19521479501691733,"Distributes to 8 receivers; outgoing flow 1,804,384 KZT"
100000007982908100,terminal,0.553108,4,0.11284363062032128,"No observed outgoing edges; receives 31,080 KZT"
100000007988344100,peripheral,0.15,1,0.03806394919912033,"No outgoing edge, but node is at depth 4; terminal status is obscured by graph boundary."
100000007997939100,peripheral,0.15,1,0.03715743124742861,"No outgoing edge, but node is at depth 4; terminal status is obscured by graph boundary."
100000007998965100,consolidator,0.3199490007993605,1,0.20465481796579937,Receives from 5 senders; retains 91% of observed flow
100000007999728100,terminal,0.5523250000000001,1,0.112412679797641,"No observed outgoing edges; receives 23,250 KZT"
100000008002020100,peripheral,0.15,1,0.04611044624683936,Limited observed connectivity; no stronger structural role signal.
100000008003034100,distributor,0.0895840000906357,1,0.211313164792663,"Distributes to 4 receivers; outgoing flow 135,000 KZT"
100000008008463100,terminal,0.5554180000000001,1,0.11379869975411765,"No observed outgoing edges; receives 54,180 KZT"
100000008011159100,consolidator,0.22112823691460054,1,0.2138797655884298,Receives from 3 senders; retains 58% of observed flow
100000008011573100,terminal,0.5515,1,0.11199143241330159,"No observed outgoing edges; receives 15,000 KZT"
100000008027922100,peripheral,0.15,1,0.04240077862878423,"No outgoing edge, but node is at depth 4; terminal status is obscured by graph boundary."
100000008028628100,terminal,0.5557224000000001,4,0.1139713049822014,"No observed outgoing edges; receives 57,224 KZT"
100000008029279100,terminal,0.5517000000000001,1,0.11207046151817082,"No observed outgoing edges; receives 17,000 KZT"
100000008038077100,terminal,0.599985,1,0.13252624903600124,"No observed outgoing edges; receives 499,850 KZT"
100000008042075100,terminal,0.5505,1,0.11164733384035071,"No observed outgoing edges; receives 5,000 KZT"
100000008043184100,terminal,0.5550564,1,0.11358733288491894,"No observed outgoing edges; receives 50,564 KZT"
100000008050986100,peripheral,0.15,1,0.0390313650648562,"No outgoing edge, but node is at depth 4; terminal status is obscured by graph boundary."
100000008055972100,terminal,0.55283,4,0.11256652063334235,"No observed outgoing edges; receives 28,300 KZT"
100000008060273100,terminal,0.551,1,0.11203984880634536,"No observed outgoing edges; receives 10,000 KZT"
100000008066326100,terminal,0.5519320000000001,1,0.11217151696723687,"No observed outgoing edges; receives 19,320 KZT"
100000008070101100,terminal,0.56,1,0.11562270931034657,"No observed outgoing edges; receives 100,000 KZT"
100000008071620100,terminal,0.5546968,1,0.11345994027977829,"No observed outgoing edges; receives 46,968 KZT"
100000008071749100,peripheral,0.15,1,0.036172489147157275,"No outgoing edge, but node is at depth 4; terminal status is obscured by graph boundary."
100000008074304100,peripheral,0.15,1,0.036321460447816194,"No outgoing edge, but node is at depth 4; terminal status is obscured by graph boundary."
100000008077552100,terminal,0.5714,1,0.12133264918088188,"No observed outgoing edges; receives 214,000 KZT"
100000008086440100,distributor,0.11148406197897712,1,0.19042095442272894,"Distributes to 5 receivers; outgoing flow 161,300 KZT"
100000008088082100,transit,0.05171808403294388,1,0.15529181661091945,Pass-through ratio 1.28; 1 in / 1 out counterparties
100000008094734100,consolidator,0.29887487777777777,1,0.19646808822466097,Receives from 4 senders; retains 100% of observed flow
100000008097580100,consolidator,0.2139111111111111,1,0.1941003307650979,Receives from 2 senders; retains 100% of observed flow
100000008104567100,consolidator,0.13450018207282913,1,0.2306621821128657,Receives from 3 senders; retains 25% of observed flow
100000008106997100,consolidator,0.12755335830212233,1,0.18630999852797844,Receives from 2 senders; retains 42% of observed flow
100000008111003100,consolidator,0.3336482228097168,1,0.21803517757281246,Receives from 6 senders; retains 84% of observed flow
100000008116374100,terminal,0.5531284000000001,1,0.1126631965930572,"No observed outgoing edges; receives 31,284 KZT"
100000008117324100,terminal,0.55,31,0.11000000000000001,No observed outgoing edges; receives 0 KZT
100000008121806100,distributor,0.09229818348184601,1,0.1946505160230236,"Distributes to 4 receivers; outgoing flow 248,509 KZT"
100000008129393100,terminal,0.551,30,0.11237428011364763,"No observed outgoing edges; receives 10,000 KZT"
100000008130868100,peripheral,0.15,1,0.039594799737577124,"No outgoing edge, but node is at depth 4; terminal status is obscured by graph boundary."
100000008136608100,peripheral,0.15,1,0.04732745151330833,"No outgoing edge, but node is at depth 4; terminal status is obscured by graph boundary."
100000008137435100,distributor,0.1641168098922605,1,0.20165849965716487,"Distributes to 6 receivers; outgoing flow 1,419,700 KZT"
100000008141170100,terminal,0.5511,1,0.12056463084415907,"No observed outgoing edges; receives 11,000 KZT"
100000008144528100,consolidator,0.4305580955555556,1,0.25109584118825684,Receives from 5 senders; retains 100% of observed flow
100000008151098100,peripheral,0.15,1,0.036674071620452775,"No outgoing edge, but node is at depth 4; terminal status is obscured by graph boundary."
100000008165763100,distributor,0.3709944971786414,1,0.2920073188679264,"Distributes to 17 receivers; outgoing flow 1,267,858 KZT"
100000008168850100,peripheral,0.15,1,0.0472629902937154,"No outgoing edge, but node is at depth 4; terminal status is obscured by graph boundary."
100000008169544100,peripheral,0.15,1,0.05478928881779678,Limited observed connectivity; no stronger structural role signal.
100000008172352100,distributor,0.15963451577001336,1,0.19436232125028574,"Distributes to 7 receivers; outgoing flow 289,510 KZT"
100000008172721100,peripheral,0.15,1,0.043491328666014496,"No outgoing edge, but node is at depth 4; terminal status is obscured by graph boundary."
100000008173359100,terminal,0.5506110000000001,1,0.1115430564710781,"No observed outgoing edges; receives 6,110 KZT"
100000008174521100,terminal,0.558211,1,0.11876345758526238,"No observed outgoing edges; receives 82,110 KZT"
100000008175078100,peripheral,0.15,1,0.10458984430528641,"No outgoing edge, but node is at depth 4; terminal status is obscured by graph boundary."
100000008183752100,peripheral,0.15,1,0.04550143811931252,"No outgoing edge, but node is at depth 4; terminal status is obscured by graph boundary."
100000008188026100,distributor,0.095708841736709,1,0.18577940898925022,"Distributes to 4 receivers; outgoing flow 337,983 KZT"
100000008190411100,peripheral,0.15,1,0.045203741858257374,"No outgoing edge, but node is at depth 4; terminal status is obscured by graph boundary."
100000008190442100,terminal,0.5513,4,0.11186621628183122,"No observed outgoing edges; receives 13,000 KZT"
100000008192264100,transit,0.2984447921514004,1,0.1613533628290722,Pass-through ratio 1.15; 1 in / 1 out counterparties
100000008193258100,peripheral,0.15,1,0.046548995809757195,Limited observed connectivity; no stronger structural role signal.
100000008193577100,distributor,0.12038018388546962,2,0.21439285368521033,"Distributes to 5 receivers; outgoing flow 480,180 KZT"
100000008200810100,terminal,0.5975,1,0.13165950014463315,"No observed outgoing edges; receives 475,000 KZT"
100000008205000100,terminal,0.55,32,0.11000000000000001,No observed outgoing edges; receives 0 KZT
100000008205937100,terminal,0.5535,1,0.1139401044492515,"No observed outgoing edges; receives 35,000 KZT"
100000008213966100,peripheral,0.15,1,0.10053266013757334,Limited observed connectivity; no stronger structural role signal.
100000008219168100,terminal,0.55532,1,0.11356824792453266,"No observed outgoing edges; receives 53,200 KZT"
100000008221543100,consolidator,0.2762444444444444,1,0.20738524649978313,Receives from 2 senders; retains 100% of observed flow
100000008221765100,peripheral,0.15,1,0.0463096378582413,"No outgoing edge, but node is at depth 4; terminal status is obscured by graph boundary."
100000008223661100,distributor,0.11517701668350887,1,0.19570491912825652,"Distributes to 5 receivers; outgoing flow 262,580 KZT"
100000008223756100,consolidator,0.2505389111111111,1,0.19822159366825534,Receives from 2 senders; retains 100% of observed flow
100000008229700100,peripheral,0.15,1,0.043687445561939896,Limited observed connectivity; no stronger structural role signal.
100000008232832100,peripheral,0.15,1,0.06321757173527805,Limited observed connectivity; no stronger structural role signal.
100000008237827100,terminal,0.5540001,1,0.11314849447837871,"No observed outgoing edges; receives 40,001 KZT"
100000008238112100,terminal,0.5690000000000001,1,0.11935053403117797,"No observed outgoing edges; receives 190,000 KZT"
100000008238989100,terminal,0.5700000000000001,1,0.12059526267496498,"No observed outgoing edges; receives 200,000 KZT"
100000008244300100,consolidator,0.30799699999999997,1,0.19417333361860256,Receives from 5 senders; retains 100% of observed flow
100000008251939100,peripheral,0.15,1,0.03702254682744855,"No outgoing edge, but node is at depth 4; terminal status is obscured by graph boundary."
100000008254069100,distributor,0.11019761714687469,1,0.18200547485540738,"Distributes to 5 receivers; outgoing flow 107,500 KZT"
100000008254576100,peripheral,0.15,1,0.04386395271192099,Limited observed connectivity; no stronger structural role signal.
100000008255655100,peripheral,0.15,1,0.04075621201069273,"No outgoing edge, but node is at depth 4; terminal status is obscured by graph boundary."
100000008258083100,consolidator,0.49751151946517086,1,0.354765479068936,Receives from 2 senders; retains 35% of observed flow
100000008258458100,peripheral,0.15,1,0.058387642461438995,Limited observed connectivity; no stronger structural role signal.
100000008259451100,terminal,0.5555,1,0.113971493306612,"No observed outgoing edges; receives 55,000 KZT"
100000008279405100,terminal,0.5734738,1,0.12230767074306108,"No observed outgoing edges; receives 234,738 KZT"
100000008283183100,terminal,0.5529000000000001,4,0.11273839626080848,"No observed outgoing edges; receives 29,000 KZT"
100000008289539100,terminal,0.5514912000000001,1,0.1120172152299423,"No observed outgoing edges; receives 14,912 KZT"
100000008293431100,distributor,0.1147288679960087,1,0.1817134112768867,"Distributes to 5 receivers; outgoing flow 297,000 KZT"
100000008295429100,terminal,0.5852,1,0.1262392409241306,"No observed outgoing edges; receives 352,000 KZT"
100000008297199100,terminal,0.5542268,1,0.11332221356590355,"No observed outgoing edges; receives 42,268 KZT"
100000008304115100,terminal,0.5551,1,0.11361876702544221,"No observed outgoing edges; receives 51,000 KZT"
100000008304139100,distributor,0.3760755110716023,1,0.25022045629421547,"Distributes to 24 receivers; outgoing flow 1,692,997 KZT"
100000008306857100,terminal,0.5625,1,0.11663653215224513,"No observed outgoing edges; receives 125,000 KZT"
100000008308418100,peripheral,0.15,1,0.040112195545239746,"No outgoing edge, but node is at depth 4; terminal status is obscured by graph boundary."
100000008309514100,terminal,0.5517200000000001,4,0.11205845669204996,"No observed outgoing edges; receives 17,200 KZT"
100000008314203100,transit,0.3252606589406917,1,0.179444461462479,Pass-through ratio 0.86; 2 in / 2 out counterparties
100000008314863100,terminal,0.5512,1,0.11785322986266929,"No observed outgoing edges; receives 12,000 KZT"
100000008321975100,peripheral,0.15,1,0.03568379756682861,"No outgoing edge, but node is at depth 4; terminal status is obscured by graph boundary."
100000008324800100,transit,0.5546799298211728,1,0.2227494085647297,Pass-through ratio 0.97; 3 in / 1 out counterparties
100000008327791100,peripheral,0.15,1,0.04107906692251979,"No outgoing edge, but node is at depth 4; terminal status is obscured by graph boundary."
100000008331280100,peripheral,0.15,1,0.03725837810727416,"No outgoing edge, but node is at depth 4; terminal status is obscured by graph boundary."
100000008332511100,terminal,0.56,1,0.13716823328983893,"No observed outgoing edges; receives 100,000 KZT"
100000008333492100,peripheral,0.15,1,0.04614937675248911,"No outgoing edge, but node is at depth 4; terminal status is obscured by graph boundary."
100000008335401100,terminal,0.5650000000000001,1,0.12450048622873214,"No observed outgoing edges; receives 150,000 KZT"
100000008336318100,peripheral,0.15,1,0.04202087015074358,"No outgoing edge, but node is at depth 4; terminal status is obscured by graph boundary."
100000008337304100,peripheral,0.15,1,0.040350043339518395,"No outgoing edge, but node is at depth 4; terminal status is obscured by graph boundary."
100000008343415100,peripheral,0.15,1,0.04193666084035132,"No outgoing edge, but node is at depth 4; terminal status is obscured by graph boundary."
100000008343874100,consolidator,0.1513324656558175,1,0.1995996741940341,Receives from 2 senders; retains 38% of observed flow
100000008346837100,distributor,0.3733165245371753,1,0.3911929031778386,"Distributes to 25 receivers; outgoing flow 1,258,643 KZT"
100000008349675100,transit,0.18244604106853976,1,0.15485991052379483,Pass-through ratio 0.79; 1 in / 1 out counterparties
100000008349740100,peripheral,0.15,1,0.037715275640716354,"No outgoing edge, but node is at depth 4; terminal status is obscured by graph boundary."
100000008352542100,terminal,0.555022,1,0.11456983617258074,"No observed outgoing edges; receives 50,220 KZT"
100000008356606100,consolidator,0.23059444444444444,1,0.1985274108177742,Receives from 2 senders; retains 100% of observed flow
100000008376089100,terminal,0.5635,1,0.11733989575102788,"No observed outgoing edges; receives 135,000 KZT"
100000008376785100,peripheral,0.15,1,0.048875975261076766,"No outgoing edge, but node is at depth 4; terminal status is obscured by graph boundary."
100000008379273100,distributor,0.08853575997529256,1,0.20819878715217852,"Distributes to 4 receivers; outgoing flow 38,000 KZT"
100000008383405100,terminal,0.5525,1,0.11285033148780048,"No observed outgoing edges; receives 25,000 KZT"
100000008388049100,terminal,0.5996400000000001,1,0.13257804733045345,"No observed outgoing edges; receives 496,400 KZT"
100000008389800100,distributor,0.1623152468132662,1,0.2023640529148256,"Distributes to 7 receivers; outgoing flow 401,620 KZT"
100000008405209100,terminal,0.55544,1,0.11376304560068724,"No observed outgoing edges; receives 54,400 KZT"
100000008406609100,terminal,0.5534,1,0.11649529593738477,"No observed outgoing edges; receives 34,000 KZT"
100000008413748100,distributor,0.35835767824049575,1,0.22121204924370846,"Distributes to 18 receivers; outgoing flow 1,377,320 KZT"
100000008416433100,terminal,0.552,1,0.11225311621010853,"No observed outgoing edges; receives 20,000 KZT"
100000008417029100,terminal,0.56,1,0.1159915838281968,"No observed outgoing edges; receives 100,000 KZT"
100000008417359100,peripheral,0.15,1,0.04660645010028057,Limited observed connectivity; no stronger structural role signal.
100000008418835100,peripheral,0.15,1,0.11675384729879049,Limited observed connectivity; no stronger structural role signal.
100000008418934100,terminal,0.5860000000000001,1,0.12716281977673097,"No observed outgoing edges; receives 360,000 KZT"
100000008422226100,terminal,0.558745,1,0.1150447408168796,"No observed outgoing edges; receives 87,450 KZT"
100000008427027100,terminal,0.5800000000000001,1,0.13075216714253216,"No observed outgoing edges; receives 300,000 KZT"
100000008430691100,peripheral,0.15,1,0.05058077406326162,Limited observed connectivity; no stronger structural role signal.
100000008432942100,terminal,0.5544542,1,0.1131932179904181,"No observed outgoing edges; receives 44,542 KZT"
100000008436257100,consolidator,0.2142777777777778,1,0.18423757323494638,Receives from 2 senders; retains 100% of observed flow
100000008438656100,consolidator,0.21040277777777777,1,0.18789668154567316,Receives from 2 senders; retains 94% of observed flow
100000008443341100,distributor,0.06755151290236978,1,0.19429628436624719,"Distributes to 3 receivers; outgoing flow 50,000 KZT"
100000008454065100,terminal,0.552405,1,0.11245195698841823,"No observed outgoing edges; receives 24,050 KZT"
100000008459449100,terminal,0.55537,1,0.11387694390790172,"No observed outgoing edges; receives 53,700 KZT"
100000008460102100,distributor,0.3520735239759524,1,0.23208143228069822,"Distributes to 31 receivers; outgoing flow 476,570 KZT"
100000008461217100,peripheral,0.15,1,0.04152397803442012,"No outgoing edge, but node is at depth 4; terminal status is obscured by graph boundary."
100000008461532100,distributor,0.2332103998204234,1,0.24397104089689062,"Distributes to 8 receivers; outgoing flow 2,530,090 KZT"
100000008463968100,terminal,0.551,4,0.11172890170310355,"No observed outgoing edges; receives 10,000 KZT"
100000008465789100,distributor,0.3660403394270184,1,0.22258557986733593,"Distributes to 16 receivers; outgoing flow 1,858,100 KZT"
100000008466579100,distributor,0.3703736921954463,1,0.22203720879373554,"Distributes to 17 receivers; outgoing flow 1,933,000 KZT"
100000008468762100,consolidator,0.23077777777777778,1,0.1902789423045446,Receives from 2 senders; retains 100% of observed flow
100000008469048100,peripheral,0.15,1,0.051021665789683014,"No outgoing edge, but node is at depth 4; terminal status is obscured by graph boundary."
100000008470470100,terminal,0.5533547000000001,4,0.11285410404015524,"No observed outgoing edges; receives 33,547 KZT"
100000008471634100,peripheral,0.15,1,0.054523645265477566,"No outgoing edge, but node is at depth 4; terminal status is obscured by graph boundary."
100000008472324100,terminal,0.57052,1,0.11999688183841797,"No observed outgoing edges; receives 205,200 KZT"
100000008473207100,terminal,0.5702,1,0.12679816622715914,"No observed outgoing edges; receives 202,000 KZT"
100000008473765100,terminal,0.553,1,0.11268167187154769,"No observed outgoing edges; receives 30,000 KZT"
100000008474308100,transit,0.03535108958837775,1,0.15739781202123465,Pass-through ratio 0.71; 1 in / 1 out counterparties
100000008474391100,terminal,0.552,1,0.1152984331971455,"No observed outgoing edges; receives 20,000 KZT"
100000008477350100,coordinator,0.2190633918061357,1,0.37883132847113155,Centrality 0.21; 50 counterparties
100000008478414100,terminal,0.551,4,0.11177712086141264,"No observed outgoing edges; receives 10,000 KZT"
100000008486520100,peripheral,0.15,1,0.04456951114082266,Limited observed connectivity; no stronger structural role signal.
100000008488166100,terminal,0.55056,4,0.1115275069876363,"No observed outgoing edges; receives 5,600 KZT"
100000008489604100,terminal,0.5511,4,0.11177467322934612,"No observed outgoing edges; receives 11,000 KZT"
100000008489922100,distributor,0.44019889700772313,1,0.2845517677972388,"Distributes to 36 receivers; outgoing flow 3,789,900 KZT"
100000008490127100,distributor,0.15096872478791568,1,0.20687998204284222,"Distributes to 6 receivers; outgoing flow 923,000 KZT"
100000008491390100,terminal,0.5536000000000001,1,0.11282462220446596,"No observed outgoing edges; receives 36,000 KZT"
100000008493007100,transit,0.6067796610169491,4,0.15398050769624272,Pass-through ratio 1.00; 1 in / 1 out counterparties
100000008497298100,terminal,0.6100000000000001,1,0.13775724200076628,"No observed outgoing edges; receives 600,000 KZT"
100000008501413100,transit,0.5667796610169491,1,0.1552771395622492,Pass-through ratio 1.02; 1 in / 1 out counterparties
100000008502995100,terminal,0.5525,1,0.12391138909291777,"No observed outgoing edges; receives 25,000 KZT"
100000008503177100,terminal,0.5533951,1,0.11286743280279322,"No observed outgoing edges; receives 33,951 KZT"
100000008507703100,terminal,0.5528500000000001,4,0.11257567493859087,"No observed outgoing edges; receives 28,500 KZT"
100000008512552100,distributor,0.163851361502062,1,0.2208837411227768,"Distributes to 6 receivers; outgoing flow 1,302,275 KZT"
100000008512827100,distributor,0.26302155711214387,1,0.2108352214195267,"Distributes to 10 receivers; outgoing flow 1,944,500 KZT"
100000008513251100,terminal,0.55,33,0.11000000000000001,No observed outgoing edges; receives 0 KZT
100000008514970100,peripheral,0.15,1,0.059358753258070406,Limited observed connectivity; no stronger structural role signal.
100000008516839100,consolidator,0.2589444444444444,1,0.2108678841193442,Receives from 3 senders; retains 100% of observed flow
100000008517061100,peripheral,0.15,1,0.10324307656842488,"No outgoing edge, but node is at depth 4; terminal status is obscured by graph boundary."
100000008517538100,distributor,0.3598325413302023,1,0.2185710583228654,"Distributes to 17 receivers; outgoing flow 1,439,000 KZT"
100000008522127100,peripheral,0.15,1,0.04248022454247148,Limited observed connectivity; no stronger structural role signal.
100000008524903100,peripheral,0.15,1,0.036643490374516974,"No outgoing edge, but node is at depth 4; terminal status is obscured by graph boundary."
100000008525136100,peripheral,0.15,1,0.035645863829130944,"No outgoing edge, but node is at depth 4; terminal status is obscured by graph boundary."
100000008531133100,distributor,0.0688692770787745,1,0.18432932527640686,"Distributes to 3 receivers; outgoing flow 158,272 KZT"
100000008531186100,terminal,0.5625,1,0.11848670067986242,"No observed outgoing edges; receives 125,000 KZT"
100000008532050100,terminal,0.5955156,1,0.13062573134542332,"No observed outgoing edges; receives 455,156 KZT"
100000008536546100,consolidator,0.24055555555555555,1,0.1937925489311329,Receives from 2 senders; retains 100% of observed flow
100000008537380100,terminal,0.5508000000000001,4,0.11163735865061844,"No observed outgoing edges; receives 8,000 KZT"
100000008545727100,distributor,0.1735293325776674,1,0.19934879721956955,"Distributes to 6 receivers; outgoing flow 1,866,500 KZT"
100000008546855100,consolidator,0.3178800583646747,1,0.22421090799329513,Receives from 6 senders; retains 86% of observed flow
100000008547295100,terminal,0.5515,1,0.11918331452339978,"No observed outgoing edges; receives 15,000 KZT"
100000008547844100,distributor,0.3767983758524384,1,0.2537950183723516,"Distributes to 19 receivers; outgoing flow 2,042,199 KZT"
100000008547948100,distributor,0.46467403155430376,1,0.28542212923274124,"Distributes to 26 receivers; outgoing flow 5,185,600 KZT"
100000008548853100,terminal,0.5514,4,0.11191198780807378,"No observed outgoing edges; receives 14,000 KZT"
100000008551752100,peripheral,0.15,1,0.05071148135172857,"No outgoing edge, but node is at depth 4; terminal status is obscured by graph boundary."
100000008554390100,peripheral,0.15,1,0.03574368767671555,"No outgoing edge, but node is at depth 4; terminal status is obscured by graph boundary."
100000008555233100,terminal,0.59406,1,0.13167642116021228,"No observed outgoing edges; receives 440,600 KZT"
100000008555918100,peripheral,0.15,1,0.05150223837458199,Limited observed connectivity; no stronger structural role signal.
100000008556318100,consolidator,0.23201613333333332,1,0.1972709966727719,Receives from 2 senders; retains 100% of observed flow
100000008557672100,terminal,0.5549125,4,0.11375658928253696,"No observed outgoing edges; receives 49,125 KZT"
100000008560263100,peripheral,0.15,1,0.03923930488539725,"No outgoing edge, but node is at depth 4; terminal status is obscured by graph boundary."
100000008560717100,consolidator,0.4175667086746482,1,0.213932254075432,Receives from 7 senders; retains 95% of observed flow
100000008561016100,transit,0.5512241054613938,1,0.16220337947696017,Pass-through ratio 1.03; 1 in / 1 out counterparties
100000008566737100,consolidator,0.2381111111111111,1,0.19380526590176095,Receives from 2 senders; retains 100% of observed flow
100000008568512100,terminal,0.569964,1,0.11976045461419071,"No observed outgoing edges; receives 199,640 KZT"
100000008571243100,terminal,0.5634,1,0.11739878433298276,"No observed outgoing edges; receives 134,000 KZT"
100000008571433100,peripheral,0.15,12,0.1068676296113968,Limited observed connectivity; no stronger structural role signal.
100000008571443100,consolidator,0.21794444444444444,1,0.1860175311140894,Receives from 2 senders; retains 100% of observed flow
100000008575624100,distributor,0.06595364877320802,19,0.1745598276676237,"Distributes to 3 receivers; outgoing flow 89,500 KZT"
100000008576243100,consolidator,0.22013466666666665,1,0.22188127728590418,Receives from 2 senders; retains 100% of observed flow
100000008576528100,terminal,0.5528000000000001,1,0.11246182713822533,"No observed outgoing edges; receives 28,000 KZT"
100000008579978100,peripheral,0.15,1,0.04495120131656881,Limited observed connectivity; no stronger structural role signal.
100000008582730100,transit,0.6067796610169491,1,0.16873824633799003,Pass-through ratio 1.00; 1 in / 1 out counterparties
100000008583360100,peripheral,0.15,1,0.050087648722913825,Limited observed connectivity; no stronger structural role signal.
100000008583971100,consolidator,0.21623333333333333,1,0.15795321256724465,Receives from 2 senders; retains 100% of observed flow
100000008586731100,terminal,0.5512,1,0.11182355834297544,"No observed outgoing edges; receives 12,000 KZT"
100000008587459100,peripheral,0.15,1,0.05906757924304826,Limited observed connectivity; no stronger structural role signal.
100000008588665100,peripheral,0.15,1,0.037460294743923525,"No outgoing edge, but node is at depth 4; terminal status is obscured by graph boundary."
100000008595687100,peripheral,0.15,1,0.05084780993066287,Limited observed connectivity; no stronger structural role signal.
100000008596924100,terminal,0.56,1,0.11886515313935708,"No observed outgoing edges; receives 100,000 KZT"
100000008598972100,terminal,0.562,1,0.11649628306385061,"No observed outgoing edges; receives 120,000 KZT"
100000008599354100,peripheral,0.15,1,0.05152250769697409,Limited observed connectivity; no stronger structural role signal.
100000008601794100,peripheral,0.15,9,0.12638596208606825,Limited observed connectivity; no stronger structural role signal.
100000008603331100,distributor,0.14790650507352684,1,0.19281129712025516,"Distributes to 6 receivers; outgoing flow 741,774 KZT"
100000008603629100,coordinator,0.38952117192512237,1,0.5390162874148502,Centrality 0.40; 80 counterparties
100000008612257100,terminal,0.55095,1,0.1117273422233396,"No observed outgoing edges; receives 9,500 KZT"
100000008619159100,peripheral,0.15,1,0.05247808779896042,"No outgoing edge, but node is at depth 4; terminal status is obscured by graph boundary."
100000008619857100,peripheral,0.15,1,0.04520270001334571,Limited observed connectivity; no stronger structural role signal.
100000008620570100,consolidator,0.1948256704980843,1,0.19359895266831023,Receives from 2 senders; retains 78% of observed flow
100000008624978100,terminal,0.5609000000000001,1,0.11719152052113388,"No observed outgoing edges; receives 109,000 KZT"
100000008625905100,peripheral,0.15,1,0.06483600492033591,Limited observed connectivity; no stronger structural role signal.
100000008628231100,peripheral,0.15,1,0.05218968781387687,Limited observed connectivity; no stronger structural role signal.
100000008628818100,peripheral,0.15,1,0.037107915961535586,"No outgoing edge, but node is at depth 4; terminal status is obscured by graph boundary."
100000008629504100,peripheral,0.15,1,0.03615603010831282,"No outgoing edge, but node is at depth 4; terminal status is obscured by graph boundary."
100000008629581100,terminal,0.5554184000000001,1,0.11431087122289683,"No observed outgoing edges; receives 54,184 KZT"
100000008631800100,peripheral,0.15,1,0.03568921224225411,"No outgoing edge, but node is at depth 4; terminal status is obscured by graph boundary."
100000008632060100,distributor,0.20082268386865965,1,0.19481589143579642,"Distributes to 9 receivers; outgoing flow 339,200 KZT"
100000008633099100,peripheral,0.15,1,0.0439551395396855,Limited observed connectivity; no stronger structural role signal.
100000008634520100,terminal,0.559,1,0.11536085114536099,"No observed outgoing edges; receives 90,000 KZT"
100000008636603100,distributor,0.13398040500342231,1,0.2424026961842176,"Distributes to 6 receivers; outgoing flow 159,375 KZT"
100000008637537100,distributor,0.12385515935902507,1,0.2386294136924258,"Distributes to 3 receivers; outgoing flow 2,351,495 KZT"
100000008638859100,peripheral,0.15,1,0.0419580526163863,"No outgoing edge, but node is at depth 4; terminal status is obscured by graph boundary."
100000008647905100,peripheral,0.15,1,0.050542613999411734,Limited observed connectivity; no stronger structural role signal.
100000008648783100,peripheral,0.15,1,0.035326832178228004,"No outgoing edge, but node is at depth 4; terminal status is obscured by graph boundary."
100000008649416100,peripheral,0.15,1,0.04079862180058064,"No outgoing edge, but node is at depth 4; terminal status is obscured by graph boundary."
100000008650785100,peripheral,0.15,1,0.058883299009731056,Limited observed connectivity; no stronger structural role signal.
100000008652094100,terminal,0.5535,1,0.1127814712110274,"No observed outgoing edges; receives 35,000 KZT"
100000008653041100,terminal,0.5528000000000001,4,0.11255278917546958,"No observed outgoing edges; receives 28,000 KZT"
100000008654653100,peripheral,0.15,1,0.041721448906173485,Limited observed connectivity; no stronger structural role signal.
100000008655035100,terminal,0.553,1,0.11920870825233984,"No observed outgoing edges; receives 30,000 KZT"
100000008655779100,peripheral,0.15,1,0.04989554998168475,Limited observed connectivity; no stronger structural role signal.
100000008656043100,terminal,0.55262,4,0.11259673462300278,"No observed outgoing edges; receives 26,200 KZT"
100000008659445100,distributor,0.10982455405899187,2,0.24815228603576361,"Distributes to 4 receivers; outgoing flow 875,150 KZT"
100000008659950100,terminal,0.5746,1,0.12244960330014489,"No observed outgoing edges; receives 246,000 KZT"
100000008661550100,terminal,0.55228,4,0.11231477723900828,"No observed outgoing edges; receives 22,800 KZT"
100000008661585100,terminal,0.5543141,4,0.11330679761780406,"No observed outgoing edges; receives 43,141 KZT"
100000008662216100,terminal,0.55262,4,0.11247040042823299,"No observed outgoing edges; receives 26,200 KZT"
100000008662805100,terminal,0.5516500000000001,4,0.11202641662368017,"No observed outgoing edges; receives 16,500 KZT"
100000008663007100,terminal,0.5514,4,0.11193177744412633,"No observed outgoing edges; receives 14,000 KZT"
100000008663723100,terminal,0.55156,4,0.11198522225006188,"No observed outgoing edges; receives 15,600 KZT"
100000008664469100,terminal,0.5525,1,0.11244447463203616,"No observed outgoing edges; receives 25,000 KZT"
100000008664774100,terminal,0.5516300000000001,4,0.11201726231843168,"No observed outgoing edges; receives 16,300 KZT"
100000008665380100,consolidator,0.1789375960765396,1,0.18730255727314085,Receives from 2 senders; retains 74% of observed flow
100000008666075100,terminal,0.5526217,4,0.11250823746477835,"No observed outgoing edges; receives 26,217 KZT"
100000008667058100,terminal,0.5517534000000001,4,0.11209852948742537,"No observed outgoing edges; receives 17,534 KZT"
100000008667795100,terminal,0.5534,4,0.11282741833292492,"No observed outgoing edges; receives 34,000 KZT"
100000008667799100,terminal,0.5534,4,0.11282741833292492,"No observed outgoing edges; receives 34,000 KZT"
100000008668099100,terminal,0.55157,4,0.11198979940268614,"No observed outgoing edges; receives 15,700 KZT"
100000008669037100,terminal,0.55,34,0.11000000000000001,No observed outgoing edges; receives 0 KZT
100000008669310100,terminal,0.5559567000000001,1,0.11384156166683237,"No observed outgoing edges; receives 59,567 KZT"
100000008670667100,terminal,0.5515534000000001,4,0.1120041593440756,"No observed outgoing edges; receives 15,534 KZT"
100000008671026100,terminal,0.5523534,4,0.11238163991747464,"No observed outgoing edges; receives 23,534 KZT"
100000008671081100,terminal,0.55372,4,0.11297388721690112,"No observed outgoing edges; receives 37,200 KZT"
100000008671129100,terminal,0.55262,4,0.11247040042823299,"No observed outgoing edges; receives 26,200 KZT"
100000008671929100,terminal,0.5575,1,0.1147910510147525,"No observed outgoing edges; receives 75,000 KZT"
100000008672162100,terminal,0.551555,4,0.11200491430522239,"No observed outgoing edges; receives 15,550 KZT"
100000008672200100,terminal,0.5508511,4,0.11167277858570289,"No observed outgoing edges; receives 8,511 KZT"
100000008672480100,terminal,0.5513,4,0.11192890118763302,"No observed outgoing edges; receives 13,000 KZT"
100000008672493100,terminal,0.5514,4,0.11191198780807378,"No observed outgoing edges; receives 14,000 KZT"
100000008672603100,terminal,0.55212,1,0.11246049172236702,"No observed outgoing edges; receives 21,200 KZT"
100000008672762100,terminal,0.5513,4,0.11192890118763302,"No observed outgoing edges; receives 13,000 KZT"
100000008673001100,terminal,0.558,1,0.11942287057373703,"No observed outgoing edges; receives 80,000 KZT"
100000008675322100,peripheral,0.15,1,0.047877948995828076,"No outgoing edge, but node is at depth 4; terminal status is obscured by graph boundary."
100000008676812100,terminal,0.57308,1,0.12581610660357193,"No observed outgoing edges; receives 230,800 KZT"
100000008677215100,terminal,0.5509000000000001,1,0.11214028136484422,"No observed outgoing edges; receives 9,000 KZT"
100000008677368100,peripheral,0.15,1,0.041106445213671794,"No outgoing edge, but node is at depth 4; terminal status is obscured by graph boundary."
100000008677518100,terminal,0.5548700000000001,4,0.11350025976869052,"No observed outgoing edges; receives 48,700 KZT"
100000008679986100,terminal,0.5519000000000001,4,0.11216770280250073,"No observed outgoing edges; receives 19,000 KZT"
100000008680061100,peripheral,0.15,1,0.03710419932575066,"No outgoing edge, but node is at depth 4; terminal status is obscured by graph boundary."
100000008680451100,terminal,0.5523534,4,0.11238163991747464,"No observed outgoing edges; receives 23,534 KZT"
100000008680731100,distributor,0.36933710147578686,1,0.21653210135012388,"Distributes to 27 receivers; outgoing flow 1,464,354 KZT"
100000008680912100,peripheral,0.15,1,0.05102910976526335,Limited observed connectivity; no stronger structural role signal.
100000008682426100,terminal,0.552,1,0.11225311621010853,"No observed outgoing edges; receives 20,000 KZT"
100000008683818100,terminal,0.55174,4,0.11215151233275628,"No observed outgoing edges; receives 17,400 KZT"
100000008684452100,terminal,0.55518,4,0.11364215150004245,"No observed outgoing edges; receives 51,800 KZT"
100000008684767100,terminal,0.55311,4,0.11269468090682151,"No observed outgoing edges; receives 31,100 KZT"
100000008684951100,terminal,0.5517200000000001,4,0.11205845669204996,"No observed outgoing edges; receives 17,200 KZT"
100000008686214100,terminal,0.5525,1,0.11263236919163538,"No observed outgoing edges; receives 25,000 KZT"
100000008686234100,terminal,0.5539778000000001,1,0.11312487938505995,"No observed outgoing edges; receives 39,778 KZT"
100000008686247100,peripheral,0.15,1,0.04423911240894331,Limited observed connectivity; no stronger structural role signal.
100000008686313100,consolidator,0.5375989643535162,1,0.3169469701319612,Receives from 6 senders; retains 83% of observed flow
100000008686494100,terminal,0.55157,4,0.11198979940268614,"No observed outgoing edges; receives 15,700 KZT"
100000008687492100,terminal,0.5515,4,0.11203008807177996,"No observed outgoing edges; receives 15,000 KZT"
100000008687617100,terminal,0.554335,4,0.11325538210329283,"No observed outgoing edges; receives 43,350 KZT"
100000008687671100,terminal,0.5537500000000001,4,0.11304062662848605,"No observed outgoing edges; receives 37,500 KZT"
100000008687733100,terminal,0.5514650000000001,4,0.11194173930013143,"No observed outgoing edges; receives 14,650 KZT"
100000008687990100,terminal,0.55176,4,0.11207676530254698,"No observed outgoing edges; receives 17,600 KZT"
100000008688109100,terminal,0.55128,4,0.11185706197658273,"No observed outgoing edges; receives 12,800 KZT"
100000008688155100,terminal,0.5523600000000001,4,0.11235139446000234,"No observed outgoing edges; receives 23,600 KZT"
100000008688476100,terminal,0.5524,4,0.11248542905044114,"No observed outgoing edges; receives 24,000 KZT"
100000008688881100,terminal,0.5544211,4,0.11350797310818794,"No observed outgoing edges; receives 44,211 KZT"
100000008690762100,terminal,0.552675,4,0.11249557476766639,"No observed outgoing edges; receives 26,750 KZT"
100000008690932100,terminal,0.5523,4,0.11235644308920026,"No observed outgoing edges; receives 23,000 KZT"
100000008691027100,terminal,0.5517534000000001,4,0.11209852948742537,"No observed outgoing edges; receives 17,534 KZT"
100000008691168100,terminal,0.5524,4,0.11248542905044114,"No observed outgoing edges; receives 24,000 KZT"
100000008691330100,terminal,0.5521440000000001,4,0.11228283437738745,"No observed outgoing edges; receives 21,440 KZT"
100000008691495100,terminal,0.5527000000000001,4,0.11254518337589978,"No observed outgoing edges; receives 27,000 KZT"
100000008692291100,distributor,0.07135733042488525,1,0.1872529283733229,"Distributes to 3 receivers; outgoing flow 156,000 KZT"
100000008693069100,terminal,0.552,4,0.1122148878741756,"No observed outgoing edges; receives 20,000 KZT"
100000008695133100,terminal,0.5536610000000001,4,0.112946882016418,"No observed outgoing edges; receives 36,610 KZT"
100000008695157100,peripheral,0.15,1,0.05488619372536447,"No outgoing edge, but node is at depth 4; terminal status is obscured by graph boundary."
100000008695495100,terminal,0.5521,4,0.1122620729458505,"No observed outgoing edges; receives 21,000 KZT"
100000008695566100,terminal,0.55337,4,0.11281368687505217,"No observed outgoing edges; receives 33,700 KZT"
100000008695689100,terminal,0.55262,4,0.11247040042823299,"No observed outgoing edges; receives 26,200 KZT"
100000008696692100,terminal,0.5519000000000001,4,0.11223246184007382,"No observed outgoing edges; receives 19,000 KZT"
100000008696919100,terminal,0.5531945,4,0.11277851355533207,"No observed outgoing edges; receives 31,945 KZT"
100000008697670100,terminal,0.552535,4,0.1124314946309268,"No observed outgoing edges; receives 25,350 KZT"
100000008699083100,peripheral,0.15,1,0.04399352759423644,"No outgoing edge, but node is at depth 4; terminal status is obscured by graph boundary."
100000008701222100,terminal,0.55,35,0.11000000000000001,No observed outgoing edges; receives 0 KZT
100000008701256100,terminal,0.555825,1,0.1141759474423887,"No observed outgoing edges; receives 58,250 KZT"
100000008701944100,terminal,0.5552124,1,0.11675187235255559,"No observed outgoing edges; receives 52,124 KZT"
100000008703533100,peripheral,0.15,1,0.0379594050616938,"No outgoing edge, but node is at depth 4; terminal status is obscured by graph boundary."
100000008706846100,terminal,0.55142,4,0.1119211421133223,"No observed outgoing edges; receives 14,200 KZT"
100000008706947100,terminal,0.5517200000000001,4,0.11205845669204996,"No observed outgoing edges; receives 17,200 KZT"
100000008707810100,terminal,0.55262,4,0.11247040042823299,"No observed outgoing edges; receives 26,200 KZT"
100000008708025100,terminal,0.551,1,0.11231099576757225,"No observed outgoing edges; receives 10,000 KZT"
100000008708061100,terminal,0.550865,4,0.11166711014267611,"No observed outgoing edges; receives 8,650 KZT"
100000008708207100,consolidator,0.26683333333333337,1,0.20386925157041796,Receives from 2 senders; retains 100% of observed flow
100000008708368100,terminal,0.5523677,4,0.11238838738272415,"No observed outgoing edges; receives 23,677 KZT"
100000008708595100,terminal,0.5517200000000001,4,0.11205845669204996,"No observed outgoing edges; receives 17,200 KZT"
100000008708743100,terminal,0.551555,4,0.11198293367374974,"No observed outgoing edges; receives 15,550 KZT"
100000008710791100,distributor,0.465079087073737,1,0.26318766315611763,"Distributes to 23 receivers; outgoing flow 5,521,511 KZT"
100000008710843100,distributor,0.3265443061666634,1,0.22786875513728683,"Distributes to 13 receivers; outgoing flow 1,985,500 KZT"
100000008710913100,peripheral,0.15,1,0.03563315183185269,"No outgoing edge, but node is at depth 4; terminal status is obscured by graph boundary."
100000008712036100,terminal,0.5521,4,0.1122323884917717,"No observed outgoing edges; receives 21,000 KZT"
100000008712184100,terminal,0.5518000000000001,4,0.11209507391304402,"No observed outgoing edges; receives 18,000 KZT"
100000008712827100,terminal,0.5576000000000001,4,0.11474982243511234,"No observed outgoing edges; receives 76,000 KZT"
100000008712991100,terminal,0.55661,4,0.11429668432531101,"No observed outgoing edges; receives 66,100 KZT"
100000008713270100,distributor,0.06962795241883568,1,0.1780883678777761,"Distributes to 3 receivers; outgoing flow 190,000 KZT"
100000008713685100,terminal,0.5549700000000001,4,0.11354603129493308,"No observed outgoing edges; receives 49,700 KZT"
100000008714412100,terminal,0.5669000000000001,1,0.1189992763197788,"No observed outgoing edges; receives 169,000 KZT"
100000008715513100,peripheral,0.15,1,0.03662003162239959,"No outgoing edge, but node is at depth 4; terminal status is obscured by graph boundary."
100000008715887100,terminal,0.5518000000000001,4,0.11209507391304402,"No observed outgoing edges; receives 18,000 KZT"
100000008716072100,terminal,0.5512100000000001,4,0.11182502190821293,"No observed outgoing edges; receives 12,100 KZT"
100000008716222100,terminal,0.5518000000000001,4,0.11212051773082585,"No observed outgoing edges; receives 18,000 KZT"
100000008716439100,terminal,0.5512267000000001,4,0.11185000571491376,"No observed outgoing edges; receives 12,267 KZT"
100000008716773100,terminal,0.5515677,4,0.1120109068093251,"No observed outgoing edges; receives 15,677 KZT"
100000008717340100,terminal,0.55415,4,0.11322936691518556,"No observed outgoing edges; receives 41,500 KZT"
100000008717341100,terminal,0.5514627000000001,4,0.11196136248406646,"No observed outgoing edges; receives 14,627 KZT"
100000008717375100,terminal,0.5529506000000001,1,0.11292645255584388,"No observed outgoing edges; receives 29,506 KZT"
100000008717802100,terminal,0.5526150000000001,4,0.11246811185192086,"No observed outgoing edges; receives 26,150 KZT"
100000008718089100,terminal,0.5515534000000001,4,0.1120041593440756,"No observed outgoing edges; receives 15,534 KZT"
100000008718811100,terminal,0.55733,4,0.11462623931425743,"No observed outgoing edges; receives 73,300 KZT"
100000008720668100,terminal,0.5516000000000001,4,0.11200353086055889,"No observed outgoing edges; receives 16,000 KZT"
100000008720798100,terminal,0.5515534000000001,4,0.1120041593440756,"No observed outgoing edges; receives 15,534 KZT"
100000008720856100,peripheral,0.15,1,0.04489478169093547,Limited observed connectivity; no stronger structural role signal.
100000008721637100,peripheral,0.15,1,0.04722729807800344,Limited observed connectivity; no stronger structural role signal.
100000008722328100,terminal,0.5523677,4,0.11238838738272415,"No observed outgoing edges; receives 23,677 KZT"
100000008722417100,distributor,0.08230110782802318,1,0.1961646184237315,"Distributes to 3 receivers; outgoing flow 720,000 KZT"
100000008722541100,peripheral,0.15,1,0.04718807179142611,"No outgoing edge, but node is at depth 4; terminal status is obscured by graph boundary."
100000008723830100,transit,0.5893554153811389,1,0.17853091408171454,Pass-through ratio 0.99; 2 in / 1 out counterparties
100000008724279100,terminal,0.5511750000000001,1,0.11179401342221665,"No observed outgoing edges; receives 11,750 KZT"
100000008724461100,transit,0.009662461108847184,1,0.1583075629388493,Pass-through ratio 1.30; 1 in / 1 out counterparties
100000008727982100,peripheral,0.15,1,0.04124029837188828,"No outgoing edge, but node is at depth 4; terminal status is obscured by graph boundary."
100000008728457100,terminal,0.5545,1,0.11332569488163638,"No observed outgoing edges; receives 45,000 KZT"
100000008729597100,terminal,0.558309,1,0.11517776092237678,"No observed outgoing edges; receives 83,090 KZT"
100000008729801100,terminal,0.5517534000000001,4,0.11209852948742537,"No observed outgoing edges; receives 17,534 KZT"
100000008730021100,terminal,0.5575555000000001,1,0.11921557336554775,"No observed outgoing edges; receives 75,555 KZT"
100000008730238100,peripheral,0.15,1,0.045282967447296776,"No outgoing edge, but node is at depth 4; terminal status is obscured by graph boundary."
100000008730371100,consolidator,0.27355555555555555,1,0.21925824801706043,Receives from 2 senders; retains 100% of observed flow
100000008730846100,distributor,0.08140062757854656,1,0.20113608474440162,"Distributes to 3 receivers; outgoing flow 363,370 KZT"
100000008731444100,distributor,0.2162909053134167,1,0.2147375066924173,"Distributes to 9 receivers; outgoing flow 879,768 KZT"
100000008732098100,terminal,0.5515677,4,0.1120109068093251,"No observed outgoing edges; receives 15,677 KZT"
100000008732488100,peripheral,0.15,1,0.04938798114269485,Limited observed connectivity; no stronger structural role signal.
100000008733049100,terminal,0.551,1,0.1117714739871267,"No observed outgoing edges; receives 10,000 KZT"
100000008733194100,consolidator,0.2054552825124093,1,0.215274791631454,Receives from 4 senders; retains 36% of observed flow
100000008734279100,peripheral,0.15,1,0.03655355707140822,"No outgoing edge, but node is at depth 4; terminal status is obscured by graph boundary."
100000008734364100,terminal,0.55262,4,0.11259673462300278,"No observed outgoing edges; receives 26,200 KZT"
100000008735384100,terminal,0.553922,4,0.11312178495176684,"No observed outgoing edges; receives 39,220 KZT"
100000008735802100,peripheral,0.15,1,0.04307354854398604,"No outgoing edge, but node is at depth 4; terminal status is obscured by graph boundary."
100000008735832100,terminal,0.55176,4,0.11207676530254698,"No observed outgoing edges; receives 17,600 KZT"
100000008736173100,terminal,0.5531060000000001,4,0.1127367547668998,"No observed outgoing edges; receives 31,060 KZT"
100000008736394100,terminal,0.5516000000000001,4,0.11208068151385342,"No observed outgoing edges; receives 16,000 KZT"
100000008736760100,terminal,0.5554757,4,0.11385489941037948,"No observed outgoing edges; receives 54,757 KZT"
100000008736940100,consolidator,0.23457989583502675,2,0.26387210410857675,Receives from 3 senders; retains 60% of observed flow
100000008737422100,terminal,0.5576903000000001,4,0.11489986000769141,"No observed outgoing edges; receives 76,903 KZT"
100000008737514100,terminal,0.5585,1,0.11552363058549199,"No observed outgoing edges; receives 85,000 KZT"
100000008737958100,consolidator,0.21652336666666666,4,0.18513576586062824,Receives from 2 senders; retains 100% of observed flow
100000008738325100,peripheral,0.15,1,0.05090283863988331,Limited observed connectivity; no stronger structural role signal.
100000008738526100,peripheral,0.15,1,0.04474166809437775,Limited observed connectivity; no stronger structural role signal.
100000008738658100,terminal,0.552992,4,0.1126406705058553,"No observed outgoing edges; receives 29,920 KZT"
100000008739887100,peripheral,0.15,1,0.05845814920700503,Limited observed connectivity; no stronger structural role signal.
100000008740295100,peripheral,0.15,1,0.04658799802428382,"No outgoing edge, but node is at depth 4; terminal status is obscured by graph boundary."
100000008740793100,terminal,0.5521,4,0.1122323884917717,"No observed outgoing edges; receives 21,000 KZT"
100000008741372100,terminal,0.5535975000000001,4,0.11296866939418185,"No observed outgoing edges; receives 35,975 KZT"
100000008742053100,distributor,0.3232149151179153,1,0.21223791623428337,"Distributes to 12 receivers; outgoing flow 2,789,000 KZT"
100000008742266100,terminal,0.5521,4,0.11233364872422076,"No observed outgoing edges; receives 21,000 KZT"
100000008743913100,distributor,0.3245898158814935,1,0.21832550885514895,"Distributes to 13 receivers; outgoing flow 1,850,600 KZT"
100000008744364100,terminal,0.55237,4,0.11235597161262659,"No observed outgoing edges; receives 23,700 KZT"
100000008744799100,terminal,0.5512600000000001,4,0.1118479076713342,"No observed outgoing edges; receives 12,600 KZT"
100000008744849100,terminal,0.5544445,4,0.1133683269512681,"No observed outgoing edges; receives 44,445 KZT"
100000008745474100,terminal,0.5540559,4,0.1131849657627395,"No observed outgoing edges; receives 40,559 KZT"
100000008745489100,terminal,0.5555539,4,0.11389179813642923,"No observed outgoing edges; receives 55,539 KZT"
100000008745643100,terminal,0.5520313,4,0.11222965680160985,"No observed outgoing edges; receives 20,313 KZT"
100000008745676100,peripheral,0.15,4,0.04176921472611346,"No outgoing edge, but node is at depth 4; terminal status is obscured by graph boundary."
100000008745725100,terminal,0.554706,4,0.1134917159136979,"No observed outgoing edges; receives 47,060 KZT"
100000008745863100,terminal,0.5522900000000001,4,0.11231935439163254,"No observed outgoing edges; receives 22,900 KZT"
100000008745884100,terminal,0.552,4,0.11218661696552912,"No observed outgoing edges; receives 20,000 KZT"
100000008746025100,terminal,0.5522,4,0.11230925801752538,"No observed outgoing edges; receives 22,000 KZT"
100000008746449100,distributor,0.23810986935287307,1,0.19562287119769325,"Distributes to 10 receivers; outgoing flow 1,009,000 KZT"
100000008746673100,terminal,0.5553048,4,0.1137742601228871,"No observed outgoing edges; receives 53,048 KZT"
100000008747113100,consolidator,0.23417567777777776,1,0.19136164237943196,Receives from 2 senders; retains 100% of observed flow
100000008748408100,distributor,0.3638325661997546,1,0.22686760405546674,"Distributes to 21 receivers; outgoing flow 1,499,960 KZT"
100000008748795100,terminal,0.5547057000000001,1,0.11330174273891605,"No observed outgoing edges; receives 47,057 KZT"
100000008748914100,distributor,0.3859968758499976,1,0.25782759428238805,"Distributes to 13 receivers; outgoing flow 4,471,847 KZT"
100000008749063100,terminal,0.5519000000000001,4,0.11216770280250073,"No observed outgoing edges; receives 19,000 KZT"
100000008749405100,terminal,0.5537150000000001,4,0.11297159864058898,"No observed outgoing edges; receives 37,150 KZT"
100000008749406100,terminal,0.5517144,4,0.11208012730947216,"No observed outgoing edges; receives 17,144 KZT"
100000008749618100,terminal,0.554728,4,0.11350209662946638,"No observed outgoing edges; receives 47,280 KZT"
100000008749900100,terminal,0.5517150000000001,4,0.11205616811573783,"No observed outgoing edges; receives 17,150 KZT"
100000008749989100,terminal,0.5516000000000001,4,0.11208068151385342,"No observed outgoing edges; receives 16,000 KZT"
100000008750464100,terminal,0.5508500000000001,4,0.11166024441373971,"No observed outgoing edges; receives 8,500 KZT"
100000008751349100,terminal,0.5511630000000001,1,0.11183243922045519,"No observed outgoing edges; receives 11,630 KZT"
100000008751380100,consolidator,0.252262,1,0.19766592491255697,Receives from 2 senders; retains 100% of observed flow
100000008751429100,consolidator,0.25900439726106217,2,0.2337987575471668,Receives from 3 senders; retains 81% of observed flow
100000008752616100,distributor,0.18168886965029446,1,0.1977164095418714,"Distributes to 7 receivers; outgoing flow 1,265,000 KZT"
100000008753061100,terminal,0.55284,4,0.1125710977859666,"No observed outgoing edges; receives 28,400 KZT"
100000008753193100,terminal,0.5535225,4,0.11293328059042569,"No observed outgoing edges; receives 35,225 KZT"
100000008753897100,terminal,0.552405,4,0.11237199164681148,"No observed outgoing edges; receives 24,050 KZT"
100000008754608100,terminal,0.55123,4,0.11183417621346142,"No observed outgoing edges; receives 12,300 KZT"
100000008754747100,terminal,0.5545500000000001,4,0.11335379088471434,"No observed outgoing edges; receives 45,500 KZT"
100000008754997100,terminal,0.5518000000000001,4,0.11209507391304402,"No observed outgoing edges; receives 18,000 KZT"
100000008755168100,terminal,0.55176,4,0.11207676530254698,"No observed outgoing edges; receives 17,600 KZT"
100000008755361100,terminal,0.5514627000000001,4,0.11196136248406646,"No observed outgoing edges; receives 14,627 KZT"
100000008755580100,terminal,0.5516000000000001,4,0.11200353086055889,"No observed outgoing edges; receives 16,000 KZT"
100000008755754100,terminal,0.5507000000000001,1,0.11183423769164046,"No observed outgoing edges; receives 7,000 KZT"
100000008757301100,peripheral,0.15,1,0.04261901141049075,"No outgoing edge, but node is at depth 4; terminal status is obscured by graph boundary."
100000008757369100,peripheral,0.15,1,0.044492629235107044,Limited observed connectivity; no stronger structural role signal.
100000008758106100,peripheral,0.15,1,0.03546409145956653,"No outgoing edge, but node is at depth 4; terminal status is obscured by graph boundary."
100000008758168100,distributor,0.14556915628385886,1,0.1966254025925458,"Distributes to 5 receivers; outgoing flow 1,533,600 KZT"
100000008758607100,peripheral,0.15,1,0.0352722999670714,"No outgoing edge, but node is at depth 4; terminal status is obscured by graph boundary."
100000008759795100,peripheral,0.15,1,0.03588579750574539,"No outgoing edge, but node is at depth 4; terminal status is obscured by graph boundary."
100000008759857100,peripheral,0.15,1,0.05245206274740368,Limited observed connectivity; no stronger structural role signal.
100000008760098100,peripheral,0.15,1,0.04623597410797992,Limited observed connectivity; no stronger structural role signal.
100000008761132100,peripheral,0.15,1,0.03546409145956653,"No outgoing edge, but node is at depth 4; terminal status is obscured by graph boundary."
100000008761219100,peripheral,0.15,1,0.05118306001480276,Limited observed connectivity; no stronger structural role signal.
100000008761220100,peripheral,0.15,1,0.03546409145956653,"No outgoing edge, but node is at depth 4; terminal status is obscured by graph boundary."
100000008762005100,peripheral,0.15,1,0.03528463675916943,"No outgoing edge, but node is at depth 4; terminal status is obscured by graph boundary."
100000008762728100,terminal,0.5517026,1,0.11282475371028818,"No observed outgoing edges; receives 17,026 KZT"
100000008762832100,peripheral,0.15,1,0.05009495731931262,Limited observed connectivity; no stronger structural role signal.
100000008762843100,peripheral,0.15,1,0.035366288073006694,"No outgoing edge, but node is at depth 4; terminal status is obscured by graph boundary."
100000008762885100,peripheral,0.15,1,0.035366288073006694,"No outgoing edge, but node is at depth 4; terminal status is obscured by graph boundary."
100000008763688100,terminal,0.5521,4,0.1122323884917717,"No observed outgoing edges; receives 21,000 KZT"
100000008764436100,terminal,0.5513100000000001,4,0.11193396053184038,"No observed outgoing edges; receives 13,100 KZT"
100000008764654100,terminal,0.5526150000000001,4,0.11246811185192086,"No observed outgoing edges; receives 26,150 KZT"
100000008765494100,terminal,0.5524,4,0.11248542905044114,"No observed outgoing edges; receives 24,000 KZT"
100000008765627100,terminal,0.556,1,0.11407020450650264,"No observed outgoing edges; receives 60,000 KZT"
100000008766031100,peripheral,0.15,1,0.035277881102175,"No outgoing edge, but node is at depth 4; terminal status is obscured by graph boundary."
100000008766764100,peripheral,0.15,1,0.0352722999670714,"No outgoing edge, but node is at depth 4; terminal status is obscured by graph boundary."
100000008767027100,terminal,0.5505,1,0.11149960359007687,"No observed outgoing edges; receives 5,000 KZT"
100000008767065100,terminal,0.551,1,0.11172802073947578,"No observed outgoing edges; receives 10,000 KZT"
100000008767925100,terminal,0.5517144,4,0.11208012730947216,"No observed outgoing edges; receives 17,144 KZT"
100000008767950100,terminal,0.5517350000000001,4,0.11206532242098635,"No observed outgoing edges; receives 17,350 KZT"
100000008768896100,terminal,0.554706,4,0.1134917159136979,"No observed outgoing edges; receives 47,060 KZT"
100000008769097100,terminal,0.55311,4,0.11269468090682151,"No observed outgoing edges; receives 31,100 KZT"
100000008769636100,terminal,0.5523118,4,0.1123620109276579,"No observed outgoing edges; receives 23,118 KZT"
100000008770483100,peripheral,0.15,1,0.035331805051238105,"No outgoing edge, but node is at depth 4; terminal status is obscured by graph boundary."
100000008771627100,terminal,0.5516500000000001,4,0.11210597823489016,"No observed outgoing edges; receives 16,500 KZT"
100000008771814100,terminal,0.55237,4,0.1124702510178191,"No observed outgoing edges; receives 23,700 KZT"
100000008771819100,terminal,0.55389,4,0.11310668572883088,"No observed outgoing edges; receives 38,900 KZT"
100000008772058100,terminal,0.555,4,0.11380085854435124,"No observed outgoing edges; receives 50,000 KZT"
100000008772246100,terminal,0.55445,4,0.11330801935847178,"No observed outgoing edges; receives 44,500 KZT"
100000008773876100,terminal,0.552612,4,0.1125036605128259,"No observed outgoing edges; receives 26,120 KZT"
100000008774237100,peripheral,0.15,7,0.04536026921262664,Limited observed connectivity; no stronger structural role signal.
100000008775471100,terminal,0.6080000000000001,1,0.13735322253519747,"No observed outgoing edges; receives 580,000 KZT"
100000008775747100,peripheral,0.15,1,0.0352722999670714,"No outgoing edge, but node is at depth 4; terminal status is obscured by graph boundary."
100000008776298100,terminal,0.55428,4,0.11329070750836293,"No observed outgoing edges; receives 42,800 KZT"
100000008776310100,terminal,0.5519200000000001,4,0.11214999974453509,"No observed outgoing edges; receives 19,200 KZT"
100000008776420100,terminal,0.5569500000000001,4,0.11445230751453571,"No observed outgoing edges; receives 69,500 KZT"
100000008776576100,terminal,0.5514765,4,0.11196787402395761,"No observed outgoing edges; receives 14,765 KZT"
100000008776720100,terminal,0.5526150000000001,4,0.11246811185192086,"No observed outgoing edges; receives 26,150 KZT"
100000008777088100,terminal,0.5518000000000001,4,0.11212051773082585,"No observed outgoing edges; receives 18,000 KZT"
100000008778010100,peripheral,0.15,4,0.04325595665524914,"No outgoing edge, but node is at depth 4; terminal status is obscured by graph boundary."
100000008778753100,peripheral,0.15,1,0.0356264538428128,"No outgoing edge, but node is at depth 4; terminal status is obscured by graph boundary."
100000008779584100,terminal,0.5531400000000001,4,0.11275279769126927,"No observed outgoing edges; receives 31,400 KZT"
100000008782056100,terminal,0.5529082000000001,4,0.11264342269512688,"No observed outgoing edges; receives 29,082 KZT"
100000008782421100,terminal,0.554968,4,0.11361534080148611,"No observed outgoing edges; receives 49,680 KZT"
100000008782800100,terminal,0.5543381000000001,4,0.11331812203500602,"No observed outgoing edges; receives 43,381 KZT"
